-- MySQL dump 10.13  Distrib 8.0.38, for macos14 (x86_64)
--
-- Host: localhost    Database: ecommerce
-- ------------------------------------------------------
-- Server version	8.3.0

/*!40101 SET @OLD_CHARACTER_SET_CLIENT=@@CHARACTER_SET_CLIENT */;
/*!40101 SET @OLD_CHARACTER_SET_RESULTS=@@CHARACTER_SET_RESULTS */;
/*!40101 SET @OLD_COLLATION_CONNECTION=@@COLLATION_CONNECTION */;
/*!50503 SET NAMES utf8 */;
/*!40103 SET @OLD_TIME_ZONE=@@TIME_ZONE */;
/*!40103 SET TIME_ZONE='+00:00' */;
/*!40014 SET @OLD_UNIQUE_CHECKS=@@UNIQUE_CHECKS, UNIQUE_CHECKS=0 */;
/*!40014 SET @OLD_FOREIGN_KEY_CHECKS=@@FOREIGN_KEY_CHECKS, FOREIGN_KEY_CHECKS=0 */;
/*!40101 SET @OLD_SQL_MODE=@@SQL_MODE, SQL_MODE='NO_AUTO_VALUE_ON_ZERO' */;
/*!40111 SET @OLD_SQL_NOTES=@@SQL_NOTES, SQL_NOTES=0 */;

--
-- Table structure for table `admin_user`
--

DROP TABLE IF EXISTS `admin_user`;
/*!40101 SET @saved_cs_client     = @@character_set_client */;
/*!50503 SET character_set_client = utf8mb4 */;
CREATE TABLE `admin_user` (
  `admin_id` int NOT NULL AUTO_INCREMENT,
  `admin_email` varchar(50) DEFAULT NULL,
  `admin_password` varchar(200) DEFAULT NULL,
  `admin_username` varchar(100) DEFAULT NULL,
  `admin_name` varchar(100) DEFAULT NULL,
  `role` varchar(45) DEFAULT 'admin',
  `monthly_goal` int DEFAULT NULL,
  PRIMARY KEY (`admin_id`)
) ENGINE=InnoDB AUTO_INCREMENT=3 DEFAULT CHARSET=utf8mb4 COLLATE=utf8mb4_0900_ai_ci;
/*!40101 SET character_set_client = @saved_cs_client */;

--
-- Dumping data for table `admin_user`
--

LOCK TABLES `admin_user` WRITE;
/*!40000 ALTER TABLE `admin_user` DISABLE KEYS */;
INSERT INTO `admin_user` VALUES (2,'raianruku21@gmail.com','$2b$10$zS.KYNp7aOwm7tr/s1e6w.4Z45LnSGWbjt3AxfNb.lhEttkjTkdUW','raian_ruku','Raian Ruku','admin',10);
/*!40000 ALTER TABLE `admin_user` ENABLE KEYS */;
UNLOCK TABLES;

--
-- Table structure for table `category`
--

DROP TABLE IF EXISTS `category`;
/*!40101 SET @saved_cs_client     = @@character_set_client */;
/*!50503 SET character_set_client = utf8mb4 */;
CREATE TABLE `category` (
  `category_id` int NOT NULL AUTO_INCREMENT,
  `category_name` varchar(100) DEFAULT NULL,
  `created_by` varchar(200) DEFAULT NULL,
  `creation_date` date DEFAULT NULL,
  `last_updated_by` varchar(100) DEFAULT NULL,
  `last_update_date` date DEFAULT NULL,
  `change_number` decimal(10,0) DEFAULT NULL,
  PRIMARY KEY (`category_id`)
) ENGINE=InnoDB AUTO_INCREMENT=25 DEFAULT CHARSET=utf8mb4 COLLATE=utf8mb4_0900_ai_ci;
/*!40101 SET character_set_client = @saved_cs_client */;

--
-- Dumping data for table `category`
--

LOCK TABLES `category` WRITE;
/*!40000 ALTER TABLE `category` DISABLE KEYS */;
INSERT INTO `category` VALUES (1,'beauty','admin','2024-09-17','admin','2024-09-17',1),(2,'fragrances','admin','2024-09-17','admin','2024-09-17',1),(3,'furniture','admin','2024-09-17','admin','2024-09-17',1),(4,'groceries','admin','2024-09-17','admin','2024-09-17',1),(5,'home-decoration','admin','2024-09-17','admin','2024-09-17',1),(6,'kitchen-accessories','admin','2024-09-17','admin','2024-09-17',1),(7,'laptops','admin','2024-09-17','admin','2024-09-17',1),(8,'mens-shirts','admin','2024-09-17','admin','2024-09-17',1),(9,'mens-shoes','admin','2024-09-17','admin','2024-09-17',1),(10,'mens-watches','admin','2024-09-17','admin','2024-09-17',1),(11,'mobile-accessories','admin','2024-09-17','admin','2024-09-17',1),(12,'motorcycle','admin','2024-09-17','admin','2024-09-17',1),(13,'skin-care','admin','2024-09-17','admin','2024-09-17',1),(14,'smartphones','admin','2024-09-17','admin','2024-09-17',1),(15,'sports-accessories','admin','2024-09-17','admin','2024-09-17',1),(16,'sunglasses','admin','2024-09-17','admin','2024-09-17',1),(17,'tablets','admin','2024-09-17','admin','2024-09-17',1),(18,'tops','admin','2024-09-17','admin','2024-09-17',1),(19,'vehicle','admin','2024-09-17','admin','2024-09-17',1),(20,'womens-bags','admin','2024-09-17','admin','2024-09-17',1),(21,'womens-dresses','admin','2024-09-17','admin','2024-09-17',1),(22,'womens-jewellery','admin','2024-09-17','admin','2024-09-17',1),(23,'womens-shoes','admin','2024-09-17','admin','2024-09-17',1),(24,'womens-watches','admin','2024-09-17','admin','2024-09-17',1);
/*!40000 ALTER TABLE `category` ENABLE KEYS */;
UNLOCK TABLES;

--
-- Table structure for table `colors`
--

DROP TABLE IF EXISTS `colors`;
/*!40101 SET @saved_cs_client     = @@character_set_client */;
/*!50503 SET character_set_client = utf8mb4 */;
CREATE TABLE `colors` (
  `color_id` int NOT NULL AUTO_INCREMENT,
  `color` varchar(7) DEFAULT NULL,
  PRIMARY KEY (`color_id`)
) ENGINE=InnoDB AUTO_INCREMENT=3 DEFAULT CHARSET=utf8mb4 COLLATE=utf8mb4_0900_ai_ci;
/*!40101 SET character_set_client = @saved_cs_client */;

--
-- Dumping data for table `colors`
--

LOCK TABLES `colors` WRITE;
/*!40000 ALTER TABLE `colors` DISABLE KEYS */;
INSERT INTO `colors` VALUES (1,'#a0135e'),(2,'#ffffff');
/*!40000 ALTER TABLE `colors` ENABLE KEYS */;
UNLOCK TABLES;

--
-- Table structure for table `dimensions`
--

DROP TABLE IF EXISTS `dimensions`;
/*!40101 SET @saved_cs_client     = @@character_set_client */;
/*!50503 SET character_set_client = utf8mb4 */;
CREATE TABLE `dimensions` (
  `dimensions_id` int NOT NULL AUTO_INCREMENT,
  `product_id` int DEFAULT NULL,
  `height` varchar(100) DEFAULT NULL,
  `width` varchar(100) DEFAULT NULL,
  `depth` varchar(100) DEFAULT NULL,
  `created_by` varchar(200) DEFAULT NULL,
  `creation_date` date DEFAULT NULL,
  `last_updated_by` varchar(100) DEFAULT NULL,
  `last_update_date` date DEFAULT NULL,
  `change_number` decimal(10,0) DEFAULT NULL,
  PRIMARY KEY (`dimensions_id`),
  UNIQUE KEY `unq_dimensions` (`product_id`),
  CONSTRAINT `fk_dimensions_products` FOREIGN KEY (`product_id`) REFERENCES `products` (`product_id`)
) ENGINE=InnoDB AUTO_INCREMENT=210 DEFAULT CHARSET=utf8mb4 COLLATE=utf8mb4_0900_ai_ci;
/*!40101 SET character_set_client = @saved_cs_client */;

--
-- Dumping data for table `dimensions`
--

LOCK TABLES `dimensions` WRITE;
/*!40000 ALTER TABLE `dimensions` DISABLE KEYS */;
INSERT INTO `dimensions` VALUES (1,1,'10','20','5','admin','2024-09-17','admin','2024-10-31',1),(2,2,'8.63','12.42','29.13','admin','2024-09-17','admin','2024-09-17',1),(3,3,'10.7','24.16','11.07','admin','2024-09-17','admin','2024-09-17',1),(4,4,'13.94','14.37','14.6','admin','2024-09-17','admin','2024-09-17',1),(5,5,'10.89','8.11','29.06','admin','2024-09-17','admin','2024-09-17',1),(6,6,'14.44','11.53','6.81','admin','2024-09-17','admin','2024-11-05',1),(7,7,'28','21.27','11.89','admin','2024-09-17','admin','2024-09-17',1),(8,8,'7','21.51','26.51','admin','2024-09-17','admin','2024-09-17',1),(9,9,'24.57','17','13.3','admin','2024-09-17','admin','2024-09-17',1),(10,10,'17.81','22.28','27.18','admin','2024-09-17','admin','2024-09-17',1),(11,11,'26.88','28.75','24.47','admin','2024-09-17','admin','2024-09-17',1),(12,12,'19.11','20.97','25.81','admin','2024-09-17','admin','2024-09-17',1),(13,13,'20.2','25.43','24.95','admin','2024-09-17','admin','2024-09-17',1),(14,14,'23.17','18.01','1','admin','2024-09-17','admin','2024-10-20',1),(15,15,'22.64','7.32','12.37','admin','2024-09-17','admin','2024-09-17',1),(16,16,'5.58','8.29','12.41','admin','2024-09-17','admin','2024-09-17',1),(17,17,'13.48','23.35','26.4','admin','2024-09-17','admin','2024-09-17',1),(18,18,'13.97','15.4','25.13','admin','2024-09-17','admin','2024-09-17',1),(19,19,'29.24','15.96','26.25','admin','2024-09-17','admin','2024-09-17',1),(20,20,'27.45','8.18','27.88','admin','2024-09-17','admin','2024-09-17',1),(21,21,'20.5','11.04','8.18','admin','2024-09-17','admin','2024-09-17',1),(22,22,'29.77','29.39','20.54','admin','2024-09-17','admin','2024-09-17',1),(23,23,'10.99','12.3','15.53','admin','2024-09-17','admin','2024-09-17',1),(24,24,'8.4','20.14','10.01','admin','2024-09-17','admin','2024-09-17',1),(25,25,'14.31','7.32','21.38','admin','2024-09-17','admin','2024-09-17',1),(26,26,'21.17','18.67','25.26','admin','2024-09-17','admin','2024-09-17',1),(27,27,'27.11','26.53','6.63','admin','2024-09-17','admin','2024-09-17',1),(28,28,'24.49','17.66','25.98','admin','2024-09-17','admin','2024-09-17',1),(29,29,'12.26','8.97','15.05','admin','2024-09-17','admin','2024-09-17',1),(30,30,'7.48','27.3','15.08','admin','2024-09-17','admin','2024-09-17',1),(31,31,'27.47','25.97','6.31','admin','2024-09-17','admin','2024-09-17',1),(32,32,'20.9','22.42','12.48','admin','2024-09-17','admin','2024-09-17',1),(33,33,'27.3','11.12','27.57','admin','2024-09-17','admin','2024-09-17',1),(34,34,'24.54','11.21','15.05','admin','2024-09-17','admin','2024-09-17',1),(35,35,'6.44','20','20.07','admin','2024-09-17','admin','2024-09-17',1),(36,36,'7.88','5.62','23.48','admin','2024-09-17','admin','2024-09-17',1),(37,37,'17.13','14.05','14.05','admin','2024-09-17','admin','2024-09-17',1),(38,38,'6.26','28.86','11.04','admin','2024-09-17','admin','2024-09-17',1),(39,39,'24.93','15.73','27.19','admin','2024-09-17','admin','2024-09-17',1),(40,40,'15.81','20.82','14.89','admin','2024-09-17','admin','2024-09-17',1),(41,41,'19.74','24.1','5.48','admin','2024-09-17','admin','2024-09-17',1),(42,42,'25.86','25.46','18.06','admin','2024-09-17','admin','2024-09-17',1),(43,43,'11.18','20.75','7.92','admin','2024-09-17','admin','2024-09-17',1),(44,44,'26.32','15.46','17.1','admin','2024-09-17','admin','2024-09-17',1),(45,45,'14.43','27.15','10.05','admin','2024-09-17','admin','2024-09-17',1),(46,46,'8.72','16.28','18.47','admin','2024-09-17','admin','2024-09-17',1),(47,47,'19.68','29.6','10.12','admin','2024-09-17','admin','2024-09-17',1),(48,48,'21.77','27.97','21.38','admin','2024-09-17','admin','2024-09-17',1),(49,49,'23.98','7.48','12.84','admin','2024-09-17','admin','2024-09-17',1),(50,50,'15.46','21.06','13.28','admin','2024-09-17','admin','2024-09-17',1),(51,51,'10.93','16.73','14.75','admin','2024-09-17','admin','2024-09-17',1),(52,52,'11.23','14.69','28.05','admin','2024-09-17','admin','2024-09-17',1),(53,53,'26.51','24.38','6.93','admin','2024-09-17','admin','2024-09-17',1),(54,54,'7.6','21.74','18.04','admin','2024-09-17','admin','2024-09-17',1),(55,55,'11.58','17.18','11.79','admin','2024-09-17','admin','2024-09-17',1),(56,56,'11.43','28.07','20.68','admin','2024-09-17','admin','2024-09-17',1),(57,57,'9.64','5.19','20.53','admin','2024-09-17','admin','2024-09-17',1),(58,58,'25.62','23.61','5.67','admin','2024-09-17','admin','2024-09-17',1),(59,59,'18.98','14.7','21.93','admin','2024-09-17','admin','2024-09-17',1),(60,60,'28.86','12.6','21.12','admin','2024-09-17','admin','2024-09-17',1),(61,61,'6.21','13.3','16.77','admin','2024-09-17','admin','2024-09-17',1),(62,62,'20.42','27.19','17.45','admin','2024-09-17','admin','2024-09-17',1),(63,63,'11.91','22.94','20.47','admin','2024-09-17','admin','2024-09-17',1),(64,64,'23.99','11.63','24.62','admin','2024-09-17','admin','2024-09-17',1),(65,65,'18.36','13.76','27.9','admin','2024-09-17','admin','2024-09-17',1),(66,66,'25.64','9.61','12.31','admin','2024-09-17','admin','2024-09-17',1),(67,67,'13.1','7.37','12','admin','2024-09-17','admin','2024-09-17',1),(68,68,'17.96','19.51','23.24','admin','2024-09-17','admin','2024-09-17',1),(69,69,'21.78','14.77','29.1','admin','2024-09-17','admin','2024-09-17',1),(70,70,'20.49','27.38','26.65','admin','2024-09-17','admin','2024-09-17',1),(71,71,'25.84','9.58','26.13','admin','2024-09-17','admin','2024-09-17',1),(72,72,'24.06','22.29','7.05','admin','2024-09-17','admin','2024-09-17',1),(73,73,'6.81','20.73','24.14','admin','2024-09-17','admin','2024-09-17',1),(74,74,'25.16','8.45','17.43','admin','2024-09-17','admin','2024-09-17',1),(75,75,'5.72','25.01','5.25','admin','2024-09-17','admin','2024-09-17',1),(76,76,'19.62','19.66','25.23','admin','2024-09-17','admin','2024-09-17',1),(77,77,'17.41','17.36','27.38','admin','2024-09-17','admin','2024-09-17',1),(78,78,'21.55','12.38','27.95','admin','2024-09-17','admin','2024-09-17',1),(79,79,'11.05','19.67','14.32','admin','2024-09-17','admin','2024-09-17',1),(80,80,'11.11','22.11','23.07','admin','2024-09-17','admin','2024-09-17',1),(81,81,'14.45','11.02','24.09','admin','2024-09-17','admin','2024-09-17',1),(82,82,'6.43','12.09','15.69','admin','2024-09-17','admin','2024-09-17',1),(83,83,'27.31','17.25','20.88','admin','2024-09-17','admin','2024-09-17',1),(84,84,'23.52','8.54','5.66','admin','2024-09-17','admin','2024-09-17',1),(85,85,'29.84','29.56','7.77','admin','2024-09-17','admin','2024-09-17',1),(86,86,'28.63','7.11','27.54','admin','2024-09-17','admin','2024-09-17',1),(87,87,'6.96','18.43','20.73','admin','2024-09-17','admin','2024-09-17',1),(88,88,'13.2','19.29','29.13','admin','2024-09-17','admin','2024-09-17',1),(89,89,'19.16','14.83','28.98','admin','2024-09-17','admin','2024-09-17',1),(90,90,'25.54','14.58','19.57','admin','2024-09-17','admin','2024-09-17',1),(91,91,'19.23','10.71','19.85','admin','2024-09-17','admin','2024-09-17',1),(92,92,'19.34','18.32','28.56','admin','2024-09-17','admin','2024-09-17',1),(93,93,'10.82','18.39','10.52','admin','2024-09-17','admin','2024-09-17',1),(94,94,'12.48','5.83','7.65','admin','2024-09-17','admin','2024-09-17',1),(95,95,'27.99','12.17','10.36','admin','2024-09-17','admin','2024-09-17',1),(96,96,'13.43','28.07','10.81','admin','2024-09-17','admin','2024-09-17',1),(97,97,'7.29','9.68','5.67','admin','2024-09-17','admin','2024-09-17',1),(98,98,'27.59','5.22','16.93','admin','2024-09-17','admin','2024-09-17',1),(99,99,'7.74','8.1','5.68','admin','2024-09-17','admin','2024-09-17',1),(100,100,'9.92','22.62','18.15','admin','2024-09-17','admin','2024-09-17',1),(101,101,'18.36','7.73','17.87','admin','2024-09-17','admin','2024-09-17',1),(102,102,'20.44','25.51','26.48','admin','2024-09-17','admin','2024-09-17',1),(103,103,'12.62','21.14','20.13','admin','2024-09-17','admin','2024-09-17',1),(104,104,'25.05','28.77','29.55','admin','2024-09-17','admin','2024-09-17',1),(105,105,'7.98','21.61','9.32','admin','2024-09-17','admin','2024-09-17',1),(106,106,'28.26','8.96','26.46','admin','2024-09-17','admin','2024-09-17',1),(107,107,'15.22','23.49','20.05','admin','2024-09-17','admin','2024-09-17',1),(108,108,'23.37','6.32','21.62','admin','2024-09-17','admin','2024-09-17',1),(109,109,'25.12','8.42','29.9','admin','2024-09-17','admin','2024-09-17',1),(110,110,'26.33','13.38','22.71','admin','2024-09-17','admin','2024-09-17',1),(111,111,'27.92','6.11','23.63','admin','2024-09-17','admin','2024-09-17',1),(112,112,'16.66','29.9','13.85','admin','2024-09-17','admin','2024-09-17',1),(113,113,'16.41','14.87','12.98','admin','2024-09-17','admin','2024-09-17',1),(114,114,'11.9','28.34','8.19','admin','2024-09-17','admin','2024-09-17',1),(115,115,'10.05','27.4','5.17','admin','2024-09-17','admin','2024-09-17',1),(116,116,'10.2','8.02','17.22','admin','2024-09-17','admin','2024-09-17',1),(117,117,'15.02','17.16','15.03','admin','2024-09-17','admin','2024-09-17',1),(118,118,'14.56','9.98','19.38','admin','2024-09-17','admin','2024-09-17',1),(119,119,'28.86','8.6','22.75','admin','2024-09-17','admin','2024-09-17',1),(120,120,'25.58','28.39','15.49','admin','2024-09-17','admin','2024-09-17',1),(121,121,'25.34','8.49','18.12','admin','2024-09-17','admin','2024-09-17',1),(122,122,'22.94','16.21','5.63','admin','2024-09-17','admin','2024-09-17',1),(123,123,'9.77','22.39','19.6','admin','2024-09-17','admin','2024-09-17',1),(124,124,'8.53','27.86','17.07','admin','2024-09-17','admin','2024-09-17',1),(125,125,'11.25','29.52','14.41','admin','2024-09-17','admin','2024-09-17',1),(126,126,'16.4','20.35','13.31','admin','2024-09-17','admin','2024-09-17',1),(127,127,'27.83','21.83','27.47','admin','2024-09-17','admin','2024-09-17',1),(128,128,'28.75','21.74','22.22','admin','2024-09-17','admin','2024-09-17',1),(129,129,'16.3','29.32','24.12','admin','2024-09-17','admin','2024-09-17',1),(130,130,'23.44','28.82','6.21','admin','2024-09-17','admin','2024-09-17',1),(131,131,'27.33','23.33','27.02','admin','2024-09-17','admin','2024-09-17',1),(132,132,'8.96','6.88','18.13','admin','2024-09-17','admin','2024-09-17',1),(133,133,'7.35','28.23','10.68','admin','2024-09-17','admin','2024-09-17',1),(134,134,'26.69','28.83','23.12','admin','2024-09-17','admin','2024-09-17',1),(135,135,'9.73','27.29','14.79','admin','2024-09-17','admin','2024-09-17',1),(136,136,'16.47','5.72','27.76','admin','2024-09-17','admin','2024-09-17',1),(137,137,'23.16','9.74','26.86','admin','2024-09-17','admin','2024-09-17',1),(138,138,'20.59','21.26','18.28','admin','2024-09-17','admin','2024-09-17',1),(139,139,'18.72','15.64','26.09','admin','2024-09-17','admin','2024-09-17',1),(140,140,'23.18','15.68','16.25','admin','2024-09-17','admin','2024-09-17',1),(141,141,'15.58','12.95','15.23','admin','2024-09-17','admin','2024-09-17',1),(142,142,'13.92','26.97','26.59','admin','2024-09-17','admin','2024-09-17',1),(143,143,'25.99','14.13','9.02','admin','2024-09-17','admin','2024-09-17',1),(144,144,'16.08','18.85','6.2','admin','2024-09-17','admin','2024-09-17',1),(145,145,'7.36','15.56','6.91','admin','2024-09-17','admin','2024-09-17',1),(146,146,'28.04','15.24','13.49','admin','2024-09-17','admin','2024-09-17',1),(147,147,'7.19','22.49','13.42','admin','2024-09-17','admin','2024-09-17',1),(148,148,'18.98','11.42','7.29','admin','2024-09-17','admin','2024-09-17',1),(149,149,'14.38','27.3','23.56','admin','2024-09-17','admin','2024-09-17',1),(150,150,'10.81','29.14','24.92','admin','2024-09-17','admin','2024-09-17',1),(151,151,'27.05','27.82','28.32','admin','2024-09-17','admin','2024-09-17',1),(152,152,'27.86','14.55','19.37','admin','2024-09-17','admin','2024-09-17',1),(153,153,'17.62','10.73','16.97','admin','2024-09-17','admin','2024-09-17',1),(154,154,'22.93','14.41','9.36','admin','2024-09-17','admin','2024-09-17',1),(155,155,'7.88','15.27','7.94','admin','2024-09-17','admin','2024-09-17',1),(156,156,'22.49','10.62','28.91','admin','2024-09-17','admin','2024-09-17',1),(157,157,'25.52','17.04','12.34','admin','2024-09-17','admin','2024-09-17',1),(158,158,'28.81','8.15','8.4','admin','2024-09-17','admin','2024-09-17',1),(159,159,'11.83','24.9','17.08','admin','2024-09-17','admin','2024-09-17',1),(160,160,'24.49','18.5','10.45','admin','2024-09-17','admin','2024-09-17',1),(161,161,'10.22','12.42','23.37','admin','2024-09-17','admin','2024-09-17',1),(162,162,'26.97','22.85','12.29','admin','2024-09-17','admin','2024-09-17',1),(163,163,'5.01','8.02','20.55','admin','2024-09-17','admin','2024-09-17',1),(164,164,'19.2','13.86','8.64','admin','2024-09-17','admin','2024-09-17',1),(165,165,'8.49','24.35','5.89','admin','2024-09-17','admin','2024-09-17',1),(166,166,'28.67','13','6.45','admin','2024-09-17','admin','2024-09-17',1),(167,167,'6.98','5.03','8.65','admin','2024-09-17','admin','2024-09-17',1),(168,168,'11.43','27.01','23.25','admin','2024-09-17','admin','2024-09-17',1),(169,169,'20.05','14.26','14.21','admin','2024-09-17','admin','2024-09-17',1),(170,170,'22.98','17.45','20.63','admin','2024-09-17','admin','2024-09-17',1),(171,171,'16.23','21.11','22.96','admin','2024-09-17','admin','2024-09-17',1),(172,172,'14.91','16.06','28.61','admin','2024-09-17','admin','2024-09-17',1),(173,173,'10.88','24.49','8.35','admin','2024-09-17','admin','2024-09-17',1),(174,174,'16.1','23.45','5.78','admin','2024-09-17','admin','2024-09-17',1),(175,175,'22.43','9.35','15.63','admin','2024-09-17','admin','2024-09-17',1),(176,176,'26.35','15.31','24.69','admin','2024-09-17','admin','2024-09-17',1),(177,177,'22.15','22.4','21.87','admin','2024-09-17','admin','2024-09-17',1),(178,178,'27.47','19.1','29.95','admin','2024-09-17','admin','2024-09-17',1),(179,179,'26.72','9.79','14.21','admin','2024-09-17','admin','2024-09-17',1),(180,180,'19.32','22.66','6.3','admin','2024-09-17','admin','2024-09-17',1),(181,181,'16.15','24.67','14.69','admin','2024-09-17','admin','2024-09-17',1),(182,182,'14.54','19.73','15.92','admin','2024-09-17','admin','2024-09-17',1),(183,183,'18.32','28.22','11.64','admin','2024-09-17','admin','2024-09-17',1),(184,184,'29.46','25.36','15.58','admin','2024-09-17','admin','2024-09-17',1),(185,185,'15.4','9.73','6.3','admin','2024-09-17','admin','2024-09-17',1),(186,186,'18.83','15.41','18.69','admin','2024-09-17','admin','2024-09-17',1),(187,187,'27.84','15.32','21.06','admin','2024-09-17','admin','2024-09-17',1),(188,188,'23.43','22.13','28.61','admin','2024-09-17','admin','2024-09-17',1),(189,189,'12.3','29.75','26.41','admin','2024-09-17','admin','2024-09-17',1),(190,190,'5.91','12.27','8.71','admin','2024-09-17','admin','2024-09-17',1),(191,191,'20.15','22.54','25.37','admin','2024-09-17','admin','2024-09-17',1),(192,192,'29.73','14.53','10.22','admin','2024-09-17','admin','2024-09-17',1),(193,193,'13.64','5.9','23.65','admin','2024-09-17','admin','2024-09-17',1),(194,194,'25.89','24.74','8.18','admin','2024-09-17','admin','2024-09-17',1),(197,195,'1000','500','1500','admin','2024-10-20',NULL,NULL,NULL),(198,199,'11','11','11','admin','2024-10-24',NULL,NULL,NULL),(199,200,'12','12','12','admin','2024-10-24','admin','2024-10-27',NULL),(208,209,'22','22','22','admin','2024-10-30','admin','2024-10-30',1),(209,210,'22','22','22','admin','2024-10-30','admin','2024-10-30',1);
/*!40000 ALTER TABLE `dimensions` ENABLE KEYS */;
UNLOCK TABLES;

--
-- Table structure for table `images`
--

DROP TABLE IF EXISTS `images`;
/*!40101 SET @saved_cs_client     = @@character_set_client */;
/*!50503 SET character_set_client = utf8mb4 */;
CREATE TABLE `images` (
  `image_id` int NOT NULL AUTO_INCREMENT,
  `product_id` int DEFAULT NULL,
  `image_data` varchar(500) DEFAULT NULL,
  `created_by` varchar(200) DEFAULT NULL,
  `creation_date` date DEFAULT NULL,
  `last_updated_by` varchar(100) DEFAULT NULL,
  `last_update_date` date DEFAULT NULL,
  `change_number` decimal(10,0) DEFAULT NULL,
  PRIMARY KEY (`image_id`),
  KEY `fk_images_products` (`product_id`),
  CONSTRAINT `fk_images_products` FOREIGN KEY (`product_id`) REFERENCES `products` (`product_id`)
) ENGINE=InnoDB AUTO_INCREMENT=760 DEFAULT CHARSET=utf8mb4 COLLATE=utf8mb4_0900_ai_ci;
/*!40101 SET character_set_client = @saved_cs_client */;

--
-- Dumping data for table `images`
--

LOCK TABLES `images` WRITE;
/*!40000 ALTER TABLE `images` DISABLE KEYS */;
INSERT INTO `images` VALUES (2,2,'https://cdn.dummyjson.com/products/images/beauty/Eyeshadow%20Palette%20with%20Mirror/1.png','admin','2024-09-17','admin','2024-09-17',1),(3,3,'https://cdn.dummyjson.com/products/images/beauty/Powder%20Canister/1.png','admin','2024-09-17','admin','2024-09-17',1),(4,4,'https://cdn.dummyjson.com/products/images/beauty/Red%20Lipstick/1.png','admin','2024-09-17','admin','2024-09-17',1),(5,5,'https://cdn.dummyjson.com/products/images/beauty/Red%20Nail%20Polish/1.png','admin','2024-09-17','admin','2024-09-17',1),(9,7,'https://cdn.dummyjson.com/products/images/fragrances/Chanel%20Coco%20Noir%20Eau%20De/1.png','admin','2024-09-17','admin','2024-09-17',1),(10,7,'https://cdn.dummyjson.com/products/images/fragrances/Chanel%20Coco%20Noir%20Eau%20De/2.png','admin','2024-09-17','admin','2024-09-17',1),(11,7,'https://cdn.dummyjson.com/products/images/fragrances/Chanel%20Coco%20Noir%20Eau%20De/3.png','admin','2024-09-17','admin','2024-09-17',1),(12,8,'https://cdn.dummyjson.com/products/images/fragrances/Dior%20J\'adore/1.png','admin','2024-09-17','admin','2024-09-17',1),(13,8,'https://cdn.dummyjson.com/products/images/fragrances/Dior%20J\'adore/2.png','admin','2024-09-17','admin','2024-09-17',1),(14,8,'https://cdn.dummyjson.com/products/images/fragrances/Dior%20J\'adore/3.png','admin','2024-09-17','admin','2024-09-17',1),(15,9,'https://cdn.dummyjson.com/products/images/fragrances/Dolce%20Shine%20Eau%20de/1.png','admin','2024-09-17','admin','2024-09-17',1),(16,9,'https://cdn.dummyjson.com/products/images/fragrances/Dolce%20Shine%20Eau%20de/2.png','admin','2024-09-17','admin','2024-09-17',1),(17,9,'https://cdn.dummyjson.com/products/images/fragrances/Dolce%20Shine%20Eau%20de/3.png','admin','2024-09-17','admin','2024-09-17',1),(18,10,'https://cdn.dummyjson.com/products/images/fragrances/Gucci%20Bloom%20Eau%20de/1.png','admin','2024-09-17','admin','2024-09-17',1),(19,10,'https://cdn.dummyjson.com/products/images/fragrances/Gucci%20Bloom%20Eau%20de/2.png','admin','2024-09-17','admin','2024-09-17',1),(20,10,'https://cdn.dummyjson.com/products/images/fragrances/Gucci%20Bloom%20Eau%20de/3.png','admin','2024-09-17','admin','2024-09-17',1),(21,11,'https://cdn.dummyjson.com/products/images/furniture/Annibale%20Colombo%20Bed/1.png','admin','2024-09-17','admin','2024-09-17',1),(22,11,'https://cdn.dummyjson.com/products/images/furniture/Annibale%20Colombo%20Bed/2.png','admin','2024-09-17','admin','2024-09-17',1),(23,11,'https://cdn.dummyjson.com/products/images/furniture/Annibale%20Colombo%20Bed/3.png','admin','2024-09-17','admin','2024-09-17',1),(24,12,'https://cdn.dummyjson.com/products/images/furniture/Annibale%20Colombo%20Sofa/1.png','admin','2024-09-17','admin','2024-09-17',1),(25,12,'https://cdn.dummyjson.com/products/images/furniture/Annibale%20Colombo%20Sofa/2.png','admin','2024-09-17','admin','2024-09-17',1),(26,12,'https://cdn.dummyjson.com/products/images/furniture/Annibale%20Colombo%20Sofa/3.png','admin','2024-09-17','admin','2024-09-17',1),(27,13,'https://cdn.dummyjson.com/products/images/furniture/Bedside%20Table%20African%20Cherry/1.png','admin','2024-09-17','admin','2024-09-17',1),(28,13,'https://cdn.dummyjson.com/products/images/furniture/Bedside%20Table%20African%20Cherry/2.png','admin','2024-09-17','admin','2024-09-17',1),(29,13,'https://cdn.dummyjson.com/products/images/furniture/Bedside%20Table%20African%20Cherry/3.png','admin','2024-09-17','admin','2024-09-17',1),(30,14,'https://cdn.dummyjson.com/products/images/furniture/Knoll%20Saarinen%20Executive%20Conference%20Chair/1.png','admin','2024-09-17','admin','2024-09-17',1),(31,14,'https://cdn.dummyjson.com/products/images/furniture/Knoll%20Saarinen%20Executive%20Conference%20Chair/2.png','admin','2024-09-17','admin','2024-09-17',1),(32,14,'https://cdn.dummyjson.com/products/images/furniture/Knoll%20Saarinen%20Executive%20Conference%20Chair/3.png','admin','2024-09-17','admin','2024-09-17',1),(33,15,'https://cdn.dummyjson.com/products/images/furniture/Wooden%20Bathroom%20Sink%20With%20Mirror/1.png','admin','2024-09-17','admin','2024-09-17',1),(34,15,'https://cdn.dummyjson.com/products/images/furniture/Wooden%20Bathroom%20Sink%20With%20Mirror/2.png','admin','2024-09-17','admin','2024-09-17',1),(35,15,'https://cdn.dummyjson.com/products/images/furniture/Wooden%20Bathroom%20Sink%20With%20Mirror/3.png','admin','2024-09-17','admin','2024-09-17',1),(36,16,'https://cdn.dummyjson.com/products/images/groceries/Apple/1.png','admin','2024-09-17','admin','2024-09-17',1),(37,17,'https://cdn.dummyjson.com/products/images/groceries/Beef%20Steak/1.png','admin','2024-09-17','admin','2024-09-17',1),(38,18,'https://cdn.dummyjson.com/products/images/groceries/Cat%20Food/1.png','admin','2024-09-17','admin','2024-09-17',1),(39,19,'https://cdn.dummyjson.com/products/images/groceries/Chicken%20Meat/1.png','admin','2024-09-17','admin','2024-09-17',1),(40,19,'https://cdn.dummyjson.com/products/images/groceries/Chicken%20Meat/2.png','admin','2024-09-17','admin','2024-09-17',1),(41,20,'https://cdn.dummyjson.com/products/images/groceries/Cooking%20Oil/1.png','admin','2024-09-17','admin','2024-09-17',1),(42,21,'https://cdn.dummyjson.com/products/images/groceries/Cucumber/1.png','admin','2024-09-17','admin','2024-09-17',1),(43,22,'https://cdn.dummyjson.com/products/images/groceries/Dog%20Food/1.png','admin','2024-09-17','admin','2024-09-17',1),(44,23,'https://cdn.dummyjson.com/products/images/groceries/Eggs/1.png','admin','2024-09-17','admin','2024-09-17',1),(45,24,'https://cdn.dummyjson.com/products/images/groceries/Fish%20Steak/1.png','admin','2024-09-17','admin','2024-09-17',1),(46,25,'https://cdn.dummyjson.com/products/images/groceries/Green%20Bell%20Pepper/1.png','admin','2024-09-17','admin','2024-09-17',1),(47,26,'https://cdn.dummyjson.com/products/images/groceries/Green%20Chili%20Pepper/1.png','admin','2024-09-17','admin','2024-09-17',1),(48,27,'https://cdn.dummyjson.com/products/images/groceries/Honey%20Jar/1.png','admin','2024-09-17','admin','2024-09-17',1),(49,28,'https://cdn.dummyjson.com/products/images/groceries/Ice%20Cream/1.png','admin','2024-09-17','admin','2024-09-17',1),(50,28,'https://cdn.dummyjson.com/products/images/groceries/Ice%20Cream/2.png','admin','2024-09-17','admin','2024-09-17',1),(51,28,'https://cdn.dummyjson.com/products/images/groceries/Ice%20Cream/3.png','admin','2024-09-17','admin','2024-09-17',1),(52,28,'https://cdn.dummyjson.com/products/images/groceries/Ice%20Cream/4.png','admin','2024-09-17','admin','2024-09-17',1),(53,29,'https://cdn.dummyjson.com/products/images/groceries/Juice/1.png','admin','2024-09-17','admin','2024-09-17',1),(54,30,'https://cdn.dummyjson.com/products/images/groceries/Kiwi/1.png','admin','2024-09-17','admin','2024-09-17',1),(55,31,'https://cdn.dummyjson.com/products/images/groceries/Lemon/1.png','admin','2024-09-17','admin','2024-09-17',1),(56,32,'https://cdn.dummyjson.com/products/images/groceries/Milk/1.png','admin','2024-09-17','admin','2024-09-17',1),(57,33,'https://cdn.dummyjson.com/products/images/groceries/Mulberry/1.png','admin','2024-09-17','admin','2024-09-17',1),(58,34,'https://cdn.dummyjson.com/products/images/groceries/Nescafe%20Coffee/1.png','admin','2024-09-17','admin','2024-09-17',1),(59,35,'https://cdn.dummyjson.com/products/images/groceries/Potatoes/1.png','admin','2024-09-17','admin','2024-09-17',1),(60,36,'https://cdn.dummyjson.com/products/images/groceries/Protein%20Powder/1.png','admin','2024-09-17','admin','2024-09-17',1),(61,37,'https://cdn.dummyjson.com/products/images/groceries/Red%20Onions/1.png','admin','2024-09-17','admin','2024-09-17',1),(62,38,'https://cdn.dummyjson.com/products/images/groceries/Rice/1.png','admin','2024-09-17','admin','2024-09-17',1),(63,39,'https://cdn.dummyjson.com/products/images/groceries/Soft%20Drinks/1.png','admin','2024-09-17','admin','2024-09-17',1),(64,40,'https://cdn.dummyjson.com/products/images/groceries/Strawberry/1.png','admin','2024-09-17','admin','2024-09-17',1),(65,41,'https://cdn.dummyjson.com/products/images/groceries/Tissue%20Paper%20Box/1.png','admin','2024-09-17','admin','2024-09-17',1),(66,41,'https://cdn.dummyjson.com/products/images/groceries/Tissue%20Paper%20Box/2.png','admin','2024-09-17','admin','2024-09-17',1),(67,42,'https://cdn.dummyjson.com/products/images/groceries/Water/1.png','admin','2024-09-17','admin','2024-09-17',1),(68,43,'https://cdn.dummyjson.com/products/images/home-decoration/Decoration%20Swing/1.png','admin','2024-09-17','admin','2024-09-17',1),(69,43,'https://cdn.dummyjson.com/products/images/home-decoration/Decoration%20Swing/2.png','admin','2024-09-17','admin','2024-09-17',1),(70,43,'https://cdn.dummyjson.com/products/images/home-decoration/Decoration%20Swing/3.png','admin','2024-09-17','admin','2024-09-17',1),(71,44,'https://cdn.dummyjson.com/products/images/home-decoration/Family%20Tree%20Photo%20Frame/1.png','admin','2024-09-17','admin','2024-09-17',1),(72,45,'https://cdn.dummyjson.com/products/images/home-decoration/House%20Showpiece%20Plant/1.png','admin','2024-09-17','admin','2024-09-17',1),(73,45,'https://cdn.dummyjson.com/products/images/home-decoration/House%20Showpiece%20Plant/2.png','admin','2024-09-17','admin','2024-09-17',1),(74,45,'https://cdn.dummyjson.com/products/images/home-decoration/House%20Showpiece%20Plant/3.png','admin','2024-09-17','admin','2024-09-17',1),(75,46,'https://cdn.dummyjson.com/products/images/home-decoration/Plant%20Pot/1.png','admin','2024-09-17','admin','2024-09-17',1),(76,46,'https://cdn.dummyjson.com/products/images/home-decoration/Plant%20Pot/2.png','admin','2024-09-17','admin','2024-09-17',1),(77,46,'https://cdn.dummyjson.com/products/images/home-decoration/Plant%20Pot/3.png','admin','2024-09-17','admin','2024-09-17',1),(78,46,'https://cdn.dummyjson.com/products/images/home-decoration/Plant%20Pot/4.png','admin','2024-09-17','admin','2024-09-17',1),(79,47,'https://cdn.dummyjson.com/products/images/home-decoration/Table%20Lamp/1.png','admin','2024-09-17','admin','2024-09-17',1),(80,48,'https://cdn.dummyjson.com/products/images/kitchen-accessories/Bamboo%20Spatula/1.png','admin','2024-09-17','admin','2024-09-17',1),(81,49,'https://cdn.dummyjson.com/products/images/kitchen-accessories/Black%20Aluminium%20Cup/1.png','admin','2024-09-17','admin','2024-09-17',1),(82,49,'https://cdn.dummyjson.com/products/images/kitchen-accessories/Black%20Aluminium%20Cup/2.png','admin','2024-09-17','admin','2024-09-17',1),(83,50,'https://cdn.dummyjson.com/products/images/kitchen-accessories/Black%20Whisk/1.png','admin','2024-09-17','admin','2024-09-17',1),(84,51,'https://cdn.dummyjson.com/products/images/kitchen-accessories/Boxed%20Blender/1.png','admin','2024-09-17','admin','2024-09-17',1),(85,51,'https://cdn.dummyjson.com/products/images/kitchen-accessories/Boxed%20Blender/2.png','admin','2024-09-17','admin','2024-09-17',1),(86,51,'https://cdn.dummyjson.com/products/images/kitchen-accessories/Boxed%20Blender/3.png','admin','2024-09-17','admin','2024-09-17',1),(87,51,'https://cdn.dummyjson.com/products/images/kitchen-accessories/Boxed%20Blender/4.png','admin','2024-09-17','admin','2024-09-17',1),(88,52,'https://cdn.dummyjson.com/products/images/kitchen-accessories/Carbon%20Steel%20Wok/1.png','admin','2024-09-17','admin','2024-09-17',1),(89,53,'https://cdn.dummyjson.com/products/images/kitchen-accessories/Chopping%20Board/1.png','admin','2024-09-17','admin','2024-09-17',1),(90,54,'https://cdn.dummyjson.com/products/images/kitchen-accessories/Citrus%20Squeezer%20Yellow/1.png','admin','2024-09-17','admin','2024-09-17',1),(91,55,'https://cdn.dummyjson.com/products/images/kitchen-accessories/Egg%20Slicer/1.png','admin','2024-09-17','admin','2024-09-17',1),(92,56,'https://cdn.dummyjson.com/products/images/kitchen-accessories/Electric%20Stove/1.png','admin','2024-09-17','admin','2024-09-17',1),(93,56,'https://cdn.dummyjson.com/products/images/kitchen-accessories/Electric%20Stove/2.png','admin','2024-09-17','admin','2024-09-17',1),(94,56,'https://cdn.dummyjson.com/products/images/kitchen-accessories/Electric%20Stove/3.png','admin','2024-09-17','admin','2024-09-17',1),(95,56,'https://cdn.dummyjson.com/products/images/kitchen-accessories/Electric%20Stove/4.png','admin','2024-09-17','admin','2024-09-17',1),(96,57,'https://cdn.dummyjson.com/products/images/kitchen-accessories/Fine%20Mesh%20Strainer/1.png','admin','2024-09-17','admin','2024-09-17',1),(97,58,'https://cdn.dummyjson.com/products/images/kitchen-accessories/Fork/1.png','admin','2024-09-17','admin','2024-09-17',1),(98,59,'https://cdn.dummyjson.com/products/images/kitchen-accessories/Glass/1.png','admin','2024-09-17','admin','2024-09-17',1),(99,60,'https://cdn.dummyjson.com/products/images/kitchen-accessories/Grater%20Black/1.png','admin','2024-09-17','admin','2024-09-17',1),(100,61,'https://cdn.dummyjson.com/products/images/kitchen-accessories/Hand%20Blender/1.png','admin','2024-09-17','admin','2024-09-17',1),(101,62,'https://cdn.dummyjson.com/products/images/kitchen-accessories/Ice%20Cube%20Tray/1.png','admin','2024-09-17','admin','2024-09-17',1),(102,63,'https://cdn.dummyjson.com/products/images/kitchen-accessories/Kitchen%20Sieve/1.png','admin','2024-09-17','admin','2024-09-17',1),(103,64,'https://cdn.dummyjson.com/products/images/kitchen-accessories/Knife/1.png','admin','2024-09-17','admin','2024-09-17',1),(104,65,'https://cdn.dummyjson.com/products/images/kitchen-accessories/Lunch%20Box/1.png','admin','2024-09-17','admin','2024-09-17',1),(105,66,'https://cdn.dummyjson.com/products/images/kitchen-accessories/Microwave%20Oven/1.png','admin','2024-09-17','admin','2024-09-17',1),(106,66,'https://cdn.dummyjson.com/products/images/kitchen-accessories/Microwave%20Oven/2.png','admin','2024-09-17','admin','2024-09-17',1),(107,66,'https://cdn.dummyjson.com/products/images/kitchen-accessories/Microwave%20Oven/3.png','admin','2024-09-17','admin','2024-09-17',1),(108,66,'https://cdn.dummyjson.com/products/images/kitchen-accessories/Microwave%20Oven/4.png','admin','2024-09-17','admin','2024-09-17',1),(109,67,'https://cdn.dummyjson.com/products/images/kitchen-accessories/Mug%20Tree%20Stand/1.png','admin','2024-09-17','admin','2024-09-17',1),(110,67,'https://cdn.dummyjson.com/products/images/kitchen-accessories/Mug%20Tree%20Stand/2.png','admin','2024-09-17','admin','2024-09-17',1),(111,68,'https://cdn.dummyjson.com/products/images/kitchen-accessories/Pan/1.png','admin','2024-09-17','admin','2024-09-17',1),(112,69,'https://cdn.dummyjson.com/products/images/kitchen-accessories/Plate/1.png','admin','2024-09-17','admin','2024-09-17',1),(113,70,'https://cdn.dummyjson.com/products/images/kitchen-accessories/Red%20Tongs/1.png','admin','2024-09-17','admin','2024-09-17',1),(114,71,'https://cdn.dummyjson.com/products/images/kitchen-accessories/Silver%20Pot%20With%20Glass%20Cap/1.png','admin','2024-09-17','admin','2024-09-17',1),(115,72,'https://cdn.dummyjson.com/products/images/kitchen-accessories/Slotted%20Turner/1.png','admin','2024-09-17','admin','2024-09-17',1),(116,73,'https://cdn.dummyjson.com/products/images/kitchen-accessories/Spice%20Rack/1.png','admin','2024-09-17','admin','2024-09-17',1),(117,74,'https://cdn.dummyjson.com/products/images/kitchen-accessories/Spoon/1.png','admin','2024-09-17','admin','2024-09-17',1),(118,75,'https://cdn.dummyjson.com/products/images/kitchen-accessories/Tray/1.png','admin','2024-09-17','admin','2024-09-17',1),(119,76,'https://cdn.dummyjson.com/products/images/kitchen-accessories/Wooden%20Rolling%20Pin/1.png','admin','2024-09-17','admin','2024-09-17',1),(120,77,'https://cdn.dummyjson.com/products/images/kitchen-accessories/Yellow%20Peeler/1.png','admin','2024-09-17','admin','2024-09-17',1),(121,78,'https://cdn.dummyjson.com/products/images/laptops/Apple%20MacBook%20Pro%2014%20Inch%20Space%20Grey/1.png','admin','2024-09-17','admin','2024-09-17',1),(122,78,'https://cdn.dummyjson.com/products/images/laptops/Apple%20MacBook%20Pro%2014%20Inch%20Space%20Grey/2.png','admin','2024-09-17','admin','2024-09-17',1),(123,78,'https://cdn.dummyjson.com/products/images/laptops/Apple%20MacBook%20Pro%2014%20Inch%20Space%20Grey/3.png','admin','2024-09-17','admin','2024-09-17',1),(124,79,'https://cdn.dummyjson.com/products/images/laptops/Asus%20Zenbook%20Pro%20Dual%20Screen%20Laptop/1.png','admin','2024-09-17','admin','2024-09-17',1),(125,79,'https://cdn.dummyjson.com/products/images/laptops/Asus%20Zenbook%20Pro%20Dual%20Screen%20Laptop/2.png','admin','2024-09-17','admin','2024-09-17',1),(126,79,'https://cdn.dummyjson.com/products/images/laptops/Asus%20Zenbook%20Pro%20Dual%20Screen%20Laptop/3.png','admin','2024-09-17','admin','2024-09-17',1),(127,80,'https://cdn.dummyjson.com/products/images/laptops/Huawei%20Matebook%20X%20Pro/1.png','admin','2024-09-17','admin','2024-09-17',1),(128,80,'https://cdn.dummyjson.com/products/images/laptops/Huawei%20Matebook%20X%20Pro/2.png','admin','2024-09-17','admin','2024-09-17',1),(129,80,'https://cdn.dummyjson.com/products/images/laptops/Huawei%20Matebook%20X%20Pro/3.png','admin','2024-09-17','admin','2024-09-17',1),(130,81,'https://cdn.dummyjson.com/products/images/laptops/Lenovo%20Yoga%20920/1.png','admin','2024-09-17','admin','2024-09-17',1),(131,81,'https://cdn.dummyjson.com/products/images/laptops/Lenovo%20Yoga%20920/2.png','admin','2024-09-17','admin','2024-09-17',1),(132,81,'https://cdn.dummyjson.com/products/images/laptops/Lenovo%20Yoga%20920/3.png','admin','2024-09-17','admin','2024-09-17',1),(133,82,'https://cdn.dummyjson.com/products/images/laptops/New%20DELL%20XPS%2013%209300%20Laptop/1.png','admin','2024-09-17','admin','2024-09-17',1),(134,82,'https://cdn.dummyjson.com/products/images/laptops/New%20DELL%20XPS%2013%209300%20Laptop/2.png','admin','2024-09-17','admin','2024-09-17',1),(135,82,'https://cdn.dummyjson.com/products/images/laptops/New%20DELL%20XPS%2013%209300%20Laptop/3.png','admin','2024-09-17','admin','2024-09-17',1),(136,83,'https://cdn.dummyjson.com/products/images/mens-shirts/Blue%20&%20Black%20Check%20Shirt/1.png','admin','2024-09-17','admin','2024-09-17',1),(137,83,'https://cdn.dummyjson.com/products/images/mens-shirts/Blue%20&%20Black%20Check%20Shirt/2.png','admin','2024-09-17','admin','2024-09-17',1),(138,83,'https://cdn.dummyjson.com/products/images/mens-shirts/Blue%20&%20Black%20Check%20Shirt/3.png','admin','2024-09-17','admin','2024-09-17',1),(139,83,'https://cdn.dummyjson.com/products/images/mens-shirts/Blue%20&%20Black%20Check%20Shirt/4.png','admin','2024-09-17','admin','2024-09-17',1),(140,84,'https://cdn.dummyjson.com/products/images/mens-shirts/Gigabyte%20Aorus%20Men%20Tshirt/1.png','admin','2024-09-17','admin','2024-09-17',1),(141,84,'https://cdn.dummyjson.com/products/images/mens-shirts/Gigabyte%20Aorus%20Men%20Tshirt/2.png','admin','2024-09-17','admin','2024-09-17',1),(142,84,'https://cdn.dummyjson.com/products/images/mens-shirts/Gigabyte%20Aorus%20Men%20Tshirt/3.png','admin','2024-09-17','admin','2024-09-17',1),(143,84,'https://cdn.dummyjson.com/products/images/mens-shirts/Gigabyte%20Aorus%20Men%20Tshirt/4.png','admin','2024-09-17','admin','2024-09-17',1),(144,85,'https://cdn.dummyjson.com/products/images/mens-shirts/Man%20Plaid%20Shirt/1.png','admin','2024-09-17','admin','2024-09-17',1),(145,85,'https://cdn.dummyjson.com/products/images/mens-shirts/Man%20Plaid%20Shirt/2.png','admin','2024-09-17','admin','2024-09-17',1),(146,85,'https://cdn.dummyjson.com/products/images/mens-shirts/Man%20Plaid%20Shirt/3.png','admin','2024-09-17','admin','2024-09-17',1),(147,85,'https://cdn.dummyjson.com/products/images/mens-shirts/Man%20Plaid%20Shirt/4.png','admin','2024-09-17','admin','2024-09-17',1),(148,86,'https://cdn.dummyjson.com/products/images/mens-shirts/Man%20Short%20Sleeve%20Shirt/1.png','admin','2024-09-17','admin','2024-09-17',1),(149,86,'https://cdn.dummyjson.com/products/images/mens-shirts/Man%20Short%20Sleeve%20Shirt/2.png','admin','2024-09-17','admin','2024-09-17',1),(150,86,'https://cdn.dummyjson.com/products/images/mens-shirts/Man%20Short%20Sleeve%20Shirt/3.png','admin','2024-09-17','admin','2024-09-17',1),(151,86,'https://cdn.dummyjson.com/products/images/mens-shirts/Man%20Short%20Sleeve%20Shirt/4.png','admin','2024-09-17','admin','2024-09-17',1),(152,87,'https://cdn.dummyjson.com/products/images/mens-shirts/Men%20Check%20Shirt/1.png','admin','2024-09-17','admin','2024-09-17',1),(153,87,'https://cdn.dummyjson.com/products/images/mens-shirts/Men%20Check%20Shirt/2.png','admin','2024-09-17','admin','2024-09-17',1),(154,87,'https://cdn.dummyjson.com/products/images/mens-shirts/Men%20Check%20Shirt/3.png','admin','2024-09-17','admin','2024-09-17',1),(155,87,'https://cdn.dummyjson.com/products/images/mens-shirts/Men%20Check%20Shirt/4.png','admin','2024-09-17','admin','2024-09-17',1),(156,88,'https://cdn.dummyjson.com/products/images/mens-shoes/Nike%20Air%20Jordan%201%20Red%20And%20Black/1.png','admin','2024-09-17','admin','2024-09-17',1),(157,88,'https://cdn.dummyjson.com/products/images/mens-shoes/Nike%20Air%20Jordan%201%20Red%20And%20Black/2.png','admin','2024-09-17','admin','2024-09-17',1),(158,88,'https://cdn.dummyjson.com/products/images/mens-shoes/Nike%20Air%20Jordan%201%20Red%20And%20Black/3.png','admin','2024-09-17','admin','2024-09-17',1),(159,88,'https://cdn.dummyjson.com/products/images/mens-shoes/Nike%20Air%20Jordan%201%20Red%20And%20Black/4.png','admin','2024-09-17','admin','2024-09-17',1),(160,89,'https://cdn.dummyjson.com/products/images/mens-shoes/Nike%20Baseball%20Cleats/1.png','admin','2024-09-17','admin','2024-09-17',1),(161,89,'https://cdn.dummyjson.com/products/images/mens-shoes/Nike%20Baseball%20Cleats/2.png','admin','2024-09-17','admin','2024-09-17',1),(162,89,'https://cdn.dummyjson.com/products/images/mens-shoes/Nike%20Baseball%20Cleats/3.png','admin','2024-09-17','admin','2024-09-17',1),(163,89,'https://cdn.dummyjson.com/products/images/mens-shoes/Nike%20Baseball%20Cleats/4.png','admin','2024-09-17','admin','2024-09-17',1),(164,90,'https://cdn.dummyjson.com/products/images/mens-shoes/Puma%20Future%20Rider%20Trainers/1.png','admin','2024-09-17','admin','2024-09-17',1),(165,90,'https://cdn.dummyjson.com/products/images/mens-shoes/Puma%20Future%20Rider%20Trainers/2.png','admin','2024-09-17','admin','2024-09-17',1),(166,90,'https://cdn.dummyjson.com/products/images/mens-shoes/Puma%20Future%20Rider%20Trainers/3.png','admin','2024-09-17','admin','2024-09-17',1),(167,90,'https://cdn.dummyjson.com/products/images/mens-shoes/Puma%20Future%20Rider%20Trainers/4.png','admin','2024-09-17','admin','2024-09-17',1),(168,91,'https://cdn.dummyjson.com/products/images/mens-shoes/Sports%20Sneakers%20Off%20White%20&%20Red/1.png','admin','2024-09-17','admin','2024-09-17',1),(169,91,'https://cdn.dummyjson.com/products/images/mens-shoes/Sports%20Sneakers%20Off%20White%20&%20Red/2.png','admin','2024-09-17','admin','2024-09-17',1),(170,91,'https://cdn.dummyjson.com/products/images/mens-shoes/Sports%20Sneakers%20Off%20White%20&%20Red/3.png','admin','2024-09-17','admin','2024-09-17',1),(171,91,'https://cdn.dummyjson.com/products/images/mens-shoes/Sports%20Sneakers%20Off%20White%20&%20Red/4.png','admin','2024-09-17','admin','2024-09-17',1),(172,92,'https://cdn.dummyjson.com/products/images/mens-shoes/Sports%20Sneakers%20Off%20White%20Red/1.png','admin','2024-09-17','admin','2024-09-17',1),(173,92,'https://cdn.dummyjson.com/products/images/mens-shoes/Sports%20Sneakers%20Off%20White%20Red/2.png','admin','2024-09-17','admin','2024-09-17',1),(174,92,'https://cdn.dummyjson.com/products/images/mens-shoes/Sports%20Sneakers%20Off%20White%20Red/3.png','admin','2024-09-17','admin','2024-09-17',1),(175,92,'https://cdn.dummyjson.com/products/images/mens-shoes/Sports%20Sneakers%20Off%20White%20Red/4.png','admin','2024-09-17','admin','2024-09-17',1),(176,93,'https://cdn.dummyjson.com/products/images/mens-watches/Brown%20Leather%20Belt%20Watch/1.png','admin','2024-09-17','admin','2024-09-17',1),(177,93,'https://cdn.dummyjson.com/products/images/mens-watches/Brown%20Leather%20Belt%20Watch/2.png','admin','2024-09-17','admin','2024-09-17',1),(178,93,'https://cdn.dummyjson.com/products/images/mens-watches/Brown%20Leather%20Belt%20Watch/3.png','admin','2024-09-17','admin','2024-09-17',1),(179,94,'https://cdn.dummyjson.com/products/images/mens-watches/Longines%20Master%20Collection/1.png','admin','2024-09-17','admin','2024-09-17',1),(180,94,'https://cdn.dummyjson.com/products/images/mens-watches/Longines%20Master%20Collection/2.png','admin','2024-09-17','admin','2024-09-17',1),(181,94,'https://cdn.dummyjson.com/products/images/mens-watches/Longines%20Master%20Collection/3.png','admin','2024-09-17','admin','2024-09-17',1),(182,95,'https://cdn.dummyjson.com/products/images/mens-watches/Rolex%20Cellini%20Date%20Black%20Dial/1.png','admin','2024-09-17','admin','2024-09-17',1),(183,95,'https://cdn.dummyjson.com/products/images/mens-watches/Rolex%20Cellini%20Date%20Black%20Dial/2.png','admin','2024-09-17','admin','2024-09-17',1),(184,95,'https://cdn.dummyjson.com/products/images/mens-watches/Rolex%20Cellini%20Date%20Black%20Dial/3.png','admin','2024-09-17','admin','2024-09-17',1),(185,96,'https://cdn.dummyjson.com/products/images/mens-watches/Rolex%20Cellini%20Moonphase/1.png','admin','2024-09-17','admin','2024-09-17',1),(186,96,'https://cdn.dummyjson.com/products/images/mens-watches/Rolex%20Cellini%20Moonphase/2.png','admin','2024-09-17','admin','2024-09-17',1),(187,96,'https://cdn.dummyjson.com/products/images/mens-watches/Rolex%20Cellini%20Moonphase/3.png','admin','2024-09-17','admin','2024-09-17',1),(188,97,'https://cdn.dummyjson.com/products/images/mens-watches/Rolex%20Datejust/1.png','admin','2024-09-17','admin','2024-09-17',1),(189,97,'https://cdn.dummyjson.com/products/images/mens-watches/Rolex%20Datejust/2.png','admin','2024-09-17','admin','2024-09-17',1),(190,97,'https://cdn.dummyjson.com/products/images/mens-watches/Rolex%20Datejust/3.png','admin','2024-09-17','admin','2024-09-17',1),(191,98,'https://cdn.dummyjson.com/products/images/mens-watches/Rolex%20Submariner%20Watch/1.png','admin','2024-09-17','admin','2024-09-17',1),(192,98,'https://cdn.dummyjson.com/products/images/mens-watches/Rolex%20Submariner%20Watch/2.png','admin','2024-09-17','admin','2024-09-17',1),(193,98,'https://cdn.dummyjson.com/products/images/mens-watches/Rolex%20Submariner%20Watch/3.png','admin','2024-09-17','admin','2024-09-17',1),(194,99,'https://cdn.dummyjson.com/products/images/mobile-accessories/Amazon%20Echo%20Plus/1.png','admin','2024-09-17','admin','2024-09-17',1),(195,99,'https://cdn.dummyjson.com/products/images/mobile-accessories/Amazon%20Echo%20Plus/2.png','admin','2024-09-17','admin','2024-09-17',1),(196,100,'https://cdn.dummyjson.com/products/images/mobile-accessories/Apple%20Airpods/1.png','admin','2024-09-17','admin','2024-09-17',1),(197,100,'https://cdn.dummyjson.com/products/images/mobile-accessories/Apple%20Airpods/2.png','admin','2024-09-17','admin','2024-09-17',1),(198,100,'https://cdn.dummyjson.com/products/images/mobile-accessories/Apple%20Airpods/3.png','admin','2024-09-17','admin','2024-09-17',1),(199,101,'https://cdn.dummyjson.com/products/images/mobile-accessories/Apple%20AirPods%20Max%20Silver/1.png','admin','2024-09-17','admin','2024-09-17',1),(200,102,'https://cdn.dummyjson.com/products/images/mobile-accessories/Apple%20Airpower%20Wireless%20Charger/1.png','admin','2024-09-17','admin','2024-09-17',1),(201,103,'https://cdn.dummyjson.com/products/images/mobile-accessories/Apple%20HomePod%20Mini%20Cosmic%20Grey/1.png','admin','2024-09-17','admin','2024-09-17',1),(202,104,'https://cdn.dummyjson.com/products/images/mobile-accessories/Apple%20iPhone%20Charger/1.png','admin','2024-09-17','admin','2024-09-17',1),(203,104,'https://cdn.dummyjson.com/products/images/mobile-accessories/Apple%20iPhone%20Charger/2.png','admin','2024-09-17','admin','2024-09-17',1),(204,105,'https://cdn.dummyjson.com/products/images/mobile-accessories/Apple%20MagSafe%20Battery%20Pack/1.png','admin','2024-09-17','admin','2024-09-17',1),(205,105,'https://cdn.dummyjson.com/products/images/mobile-accessories/Apple%20MagSafe%20Battery%20Pack/2.png','admin','2024-09-17','admin','2024-09-17',1),(209,107,'https://cdn.dummyjson.com/products/images/mobile-accessories/Beats%20Flex%20Wireless%20Earphones/1.png','admin','2024-09-17','admin','2024-09-17',1),(210,108,'https://cdn.dummyjson.com/products/images/mobile-accessories/iPhone%2012%20Silicone%20Case%20with%20MagSafe%20Plum/1.png','admin','2024-09-17','admin','2024-09-17',1),(211,108,'https://cdn.dummyjson.com/products/images/mobile-accessories/iPhone%2012%20Silicone%20Case%20with%20MagSafe%20Plum/2.png','admin','2024-09-17','admin','2024-09-17',1),(212,108,'https://cdn.dummyjson.com/products/images/mobile-accessories/iPhone%2012%20Silicone%20Case%20with%20MagSafe%20Plum/3.png','admin','2024-09-17','admin','2024-09-17',1),(213,108,'https://cdn.dummyjson.com/products/images/mobile-accessories/iPhone%2012%20Silicone%20Case%20with%20MagSafe%20Plum/4.png','admin','2024-09-17','admin','2024-09-17',1),(214,109,'https://cdn.dummyjson.com/products/images/mobile-accessories/Monopod/1.png','admin','2024-09-17','admin','2024-09-17',1),(215,109,'https://cdn.dummyjson.com/products/images/mobile-accessories/Monopod/2.png','admin','2024-09-17','admin','2024-09-17',1),(216,110,'https://cdn.dummyjson.com/products/images/mobile-accessories/Selfie%20Lamp%20with%20iPhone/1.png','admin','2024-09-17','admin','2024-09-17',1),(217,111,'https://cdn.dummyjson.com/products/images/mobile-accessories/Selfie%20Stick%20Monopod/1.png','admin','2024-09-17','admin','2024-09-17',1),(218,112,'https://cdn.dummyjson.com/products/images/mobile-accessories/TV%20Studio%20Camera%20Pedestal/1.png','admin','2024-09-17','admin','2024-09-17',1),(219,113,'https://cdn.dummyjson.com/products/images/motorcycle/Generic%20Motorcycle/1.png','admin','2024-09-17','admin','2024-09-17',1),(220,113,'https://cdn.dummyjson.com/products/images/motorcycle/Generic%20Motorcycle/2.png','admin','2024-09-17','admin','2024-09-17',1),(221,113,'https://cdn.dummyjson.com/products/images/motorcycle/Generic%20Motorcycle/3.png','admin','2024-09-17','admin','2024-09-17',1),(222,113,'https://cdn.dummyjson.com/products/images/motorcycle/Generic%20Motorcycle/4.png','admin','2024-09-17','admin','2024-09-17',1),(223,114,'https://cdn.dummyjson.com/products/images/motorcycle/Kawasaki%20Z800/1.png','admin','2024-09-17','admin','2024-09-17',1),(224,114,'https://cdn.dummyjson.com/products/images/motorcycle/Kawasaki%20Z800/2.png','admin','2024-09-17','admin','2024-09-17',1),(225,114,'https://cdn.dummyjson.com/products/images/motorcycle/Kawasaki%20Z800/3.png','admin','2024-09-17','admin','2024-09-17',1),(226,114,'https://cdn.dummyjson.com/products/images/motorcycle/Kawasaki%20Z800/4.png','admin','2024-09-17','admin','2024-09-17',1),(227,115,'https://cdn.dummyjson.com/products/images/motorcycle/MotoGP%20CI.H1/1.png','admin','2024-09-17','admin','2024-09-17',1),(228,115,'https://cdn.dummyjson.com/products/images/motorcycle/MotoGP%20CI.H1/2.png','admin','2024-09-17','admin','2024-09-17',1),(229,115,'https://cdn.dummyjson.com/products/images/motorcycle/MotoGP%20CI.H1/3.png','admin','2024-09-17','admin','2024-09-17',1),(230,115,'https://cdn.dummyjson.com/products/images/motorcycle/MotoGP%20CI.H1/4.png','admin','2024-09-17','admin','2024-09-17',1),(231,116,'https://cdn.dummyjson.com/products/images/motorcycle/Scooter%20Motorcycle/1.png','admin','2024-09-17','admin','2024-09-17',1),(232,116,'https://cdn.dummyjson.com/products/images/motorcycle/Scooter%20Motorcycle/2.png','admin','2024-09-17','admin','2024-09-17',1),(233,116,'https://cdn.dummyjson.com/products/images/motorcycle/Scooter%20Motorcycle/3.png','admin','2024-09-17','admin','2024-09-17',1),(234,116,'https://cdn.dummyjson.com/products/images/motorcycle/Scooter%20Motorcycle/4.png','admin','2024-09-17','admin','2024-09-17',1),(235,117,'https://cdn.dummyjson.com/products/images/motorcycle/Sportbike%20Motorcycle/1.png','admin','2024-09-17','admin','2024-09-17',1),(236,117,'https://cdn.dummyjson.com/products/images/motorcycle/Sportbike%20Motorcycle/2.png','admin','2024-09-17','admin','2024-09-17',1),(237,117,'https://cdn.dummyjson.com/products/images/motorcycle/Sportbike%20Motorcycle/3.png','admin','2024-09-17','admin','2024-09-17',1),(238,117,'https://cdn.dummyjson.com/products/images/motorcycle/Sportbike%20Motorcycle/4.png','admin','2024-09-17','admin','2024-09-17',1),(239,118,'https://cdn.dummyjson.com/products/images/skin-care/Attitude%20Super%20Leaves%20Hand%20Soap/1.png','admin','2024-09-17','admin','2024-09-17',1),(240,118,'https://cdn.dummyjson.com/products/images/skin-care/Attitude%20Super%20Leaves%20Hand%20Soap/2.png','admin','2024-09-17','admin','2024-09-17',1),(241,118,'https://cdn.dummyjson.com/products/images/skin-care/Attitude%20Super%20Leaves%20Hand%20Soap/3.png','admin','2024-09-17','admin','2024-09-17',1),(242,119,'https://cdn.dummyjson.com/products/images/skin-care/Olay%20Ultra%20Moisture%20Shea%20Butter%20Body%20Wash/1.png','admin','2024-09-17','admin','2024-09-17',1),(243,119,'https://cdn.dummyjson.com/products/images/skin-care/Olay%20Ultra%20Moisture%20Shea%20Butter%20Body%20Wash/2.png','admin','2024-09-17','admin','2024-09-17',1),(244,119,'https://cdn.dummyjson.com/products/images/skin-care/Olay%20Ultra%20Moisture%20Shea%20Butter%20Body%20Wash/3.png','admin','2024-09-17','admin','2024-09-17',1),(245,120,'https://cdn.dummyjson.com/products/images/skin-care/Vaseline%20Men%20Body%20and%20Face%20Lotion/1.png','admin','2024-09-17','admin','2024-09-17',1),(246,120,'https://cdn.dummyjson.com/products/images/skin-care/Vaseline%20Men%20Body%20and%20Face%20Lotion/2.png','admin','2024-09-17','admin','2024-09-17',1),(247,120,'https://cdn.dummyjson.com/products/images/skin-care/Vaseline%20Men%20Body%20and%20Face%20Lotion/3.png','admin','2024-09-17','admin','2024-09-17',1),(248,121,'https://cdn.dummyjson.com/products/images/smartphones/iPhone%205s/1.png','admin','2024-09-17','admin','2024-09-17',1),(249,121,'https://cdn.dummyjson.com/products/images/smartphones/iPhone%205s/2.png','admin','2024-09-17','admin','2024-09-17',1),(250,121,'https://cdn.dummyjson.com/products/images/smartphones/iPhone%205s/3.png','admin','2024-09-17','admin','2024-09-17',1),(251,122,'https://cdn.dummyjson.com/products/images/smartphones/iPhone%206/1.png','admin','2024-09-17','admin','2024-09-17',1),(252,122,'https://cdn.dummyjson.com/products/images/smartphones/iPhone%206/2.png','admin','2024-09-17','admin','2024-09-17',1),(253,122,'https://cdn.dummyjson.com/products/images/smartphones/iPhone%206/3.png','admin','2024-09-17','admin','2024-09-17',1),(254,123,'https://cdn.dummyjson.com/products/images/smartphones/iPhone%2013%20Pro/1.png','admin','2024-09-17','admin','2024-09-17',1),(255,123,'https://cdn.dummyjson.com/products/images/smartphones/iPhone%2013%20Pro/2.png','admin','2024-09-17','admin','2024-09-17',1),(256,123,'https://cdn.dummyjson.com/products/images/smartphones/iPhone%2013%20Pro/3.png','admin','2024-09-17','admin','2024-09-17',1),(257,124,'https://cdn.dummyjson.com/products/images/smartphones/iPhone%20X/1.png','admin','2024-09-17','admin','2024-09-17',1),(258,124,'https://cdn.dummyjson.com/products/images/smartphones/iPhone%20X/2.png','admin','2024-09-17','admin','2024-09-17',1),(259,124,'https://cdn.dummyjson.com/products/images/smartphones/iPhone%20X/3.png','admin','2024-09-17','admin','2024-09-17',1),(260,125,'https://cdn.dummyjson.com/products/images/smartphones/Oppo%20A57/1.png','admin','2024-09-17','admin','2024-09-17',1),(261,125,'https://cdn.dummyjson.com/products/images/smartphones/Oppo%20A57/2.png','admin','2024-09-17','admin','2024-09-17',1),(262,125,'https://cdn.dummyjson.com/products/images/smartphones/Oppo%20A57/3.png','admin','2024-09-17','admin','2024-09-17',1),(263,126,'https://cdn.dummyjson.com/products/images/smartphones/Oppo%20F19%20Pro%20Plus/1.png','admin','2024-09-17','admin','2024-09-17',1),(264,126,'https://cdn.dummyjson.com/products/images/smartphones/Oppo%20F19%20Pro%20Plus/2.png','admin','2024-09-17','admin','2024-09-17',1),(265,126,'https://cdn.dummyjson.com/products/images/smartphones/Oppo%20F19%20Pro%20Plus/3.png','admin','2024-09-17','admin','2024-09-17',1),(266,127,'https://cdn.dummyjson.com/products/images/smartphones/Oppo%20K1/1.png','admin','2024-09-17','admin','2024-09-17',1),(267,127,'https://cdn.dummyjson.com/products/images/smartphones/Oppo%20K1/2.png','admin','2024-09-17','admin','2024-09-17',1),(268,127,'https://cdn.dummyjson.com/products/images/smartphones/Oppo%20K1/3.png','admin','2024-09-17','admin','2024-09-17',1),(269,127,'https://cdn.dummyjson.com/products/images/smartphones/Oppo%20K1/4.png','admin','2024-09-17','admin','2024-09-17',1),(270,128,'https://cdn.dummyjson.com/products/images/smartphones/Realme%20C35/1.png','admin','2024-09-17','admin','2024-09-17',1),(271,128,'https://cdn.dummyjson.com/products/images/smartphones/Realme%20C35/2.png','admin','2024-09-17','admin','2024-09-17',1),(272,128,'https://cdn.dummyjson.com/products/images/smartphones/Realme%20C35/3.png','admin','2024-09-17','admin','2024-09-17',1),(273,129,'https://cdn.dummyjson.com/products/images/smartphones/Realme%20X/1.png','admin','2024-09-17','admin','2024-09-17',1),(274,129,'https://cdn.dummyjson.com/products/images/smartphones/Realme%20X/2.png','admin','2024-09-17','admin','2024-09-17',1),(275,129,'https://cdn.dummyjson.com/products/images/smartphones/Realme%20X/3.png','admin','2024-09-17','admin','2024-09-17',1),(276,130,'https://cdn.dummyjson.com/products/images/smartphones/Realme%20XT/1.png','admin','2024-09-17','admin','2024-09-17',1),(277,130,'https://cdn.dummyjson.com/products/images/smartphones/Realme%20XT/2.png','admin','2024-09-17','admin','2024-09-17',1),(278,130,'https://cdn.dummyjson.com/products/images/smartphones/Realme%20XT/3.png','admin','2024-09-17','admin','2024-09-17',1),(279,131,'https://cdn.dummyjson.com/products/images/smartphones/Samsung%20Galaxy%20S7/1.png','admin','2024-09-17','admin','2024-09-17',1),(280,131,'https://cdn.dummyjson.com/products/images/smartphones/Samsung%20Galaxy%20S7/2.png','admin','2024-09-17','admin','2024-09-17',1),(281,131,'https://cdn.dummyjson.com/products/images/smartphones/Samsung%20Galaxy%20S7/3.png','admin','2024-09-17','admin','2024-09-17',1),(282,132,'https://cdn.dummyjson.com/products/images/smartphones/Samsung%20Galaxy%20S8/1.png','admin','2024-09-17','admin','2024-09-17',1),(283,132,'https://cdn.dummyjson.com/products/images/smartphones/Samsung%20Galaxy%20S8/2.png','admin','2024-09-17','admin','2024-09-17',1),(284,132,'https://cdn.dummyjson.com/products/images/smartphones/Samsung%20Galaxy%20S8/3.png','admin','2024-09-17','admin','2024-09-17',1),(285,133,'https://cdn.dummyjson.com/products/images/smartphones/Samsung%20Galaxy%20S10/1.png','admin','2024-09-17','admin','2024-09-17',1),(286,133,'https://cdn.dummyjson.com/products/images/smartphones/Samsung%20Galaxy%20S10/2.png','admin','2024-09-17','admin','2024-09-17',1),(287,133,'https://cdn.dummyjson.com/products/images/smartphones/Samsung%20Galaxy%20S10/3.png','admin','2024-09-17','admin','2024-09-17',1),(288,134,'https://cdn.dummyjson.com/products/images/smartphones/Vivo%20S1/1.png','admin','2024-09-17','admin','2024-09-17',1),(289,134,'https://cdn.dummyjson.com/products/images/smartphones/Vivo%20S1/2.png','admin','2024-09-17','admin','2024-09-17',1),(290,134,'https://cdn.dummyjson.com/products/images/smartphones/Vivo%20S1/3.png','admin','2024-09-17','admin','2024-09-17',1),(291,135,'https://cdn.dummyjson.com/products/images/smartphones/Vivo%20V9/1.png','admin','2024-09-17','admin','2024-09-17',1),(292,135,'https://cdn.dummyjson.com/products/images/smartphones/Vivo%20V9/2.png','admin','2024-09-17','admin','2024-09-17',1),(293,135,'https://cdn.dummyjson.com/products/images/smartphones/Vivo%20V9/3.png','admin','2024-09-17','admin','2024-09-17',1),(294,136,'https://cdn.dummyjson.com/products/images/smartphones/Vivo%20X21/1.png','admin','2024-09-17','admin','2024-09-17',1),(295,136,'https://cdn.dummyjson.com/products/images/smartphones/Vivo%20X21/2.png','admin','2024-09-17','admin','2024-09-17',1),(296,136,'https://cdn.dummyjson.com/products/images/smartphones/Vivo%20X21/3.png','admin','2024-09-17','admin','2024-09-17',1),(297,137,'https://cdn.dummyjson.com/products/images/sports-accessories/American%20Football/1.png','admin','2024-09-17','admin','2024-09-17',1),(298,138,'https://cdn.dummyjson.com/products/images/sports-accessories/Baseball%20Ball/1.png','admin','2024-09-17','admin','2024-09-17',1),(299,139,'https://cdn.dummyjson.com/products/images/sports-accessories/Baseball%20Glove/1.png','admin','2024-09-17','admin','2024-09-17',1),(300,139,'https://cdn.dummyjson.com/products/images/sports-accessories/Baseball%20Glove/2.png','admin','2024-09-17','admin','2024-09-17',1),(301,139,'https://cdn.dummyjson.com/products/images/sports-accessories/Baseball%20Glove/3.png','admin','2024-09-17','admin','2024-09-17',1),(302,140,'https://cdn.dummyjson.com/products/images/sports-accessories/Basketball/1.png','admin','2024-09-17','admin','2024-09-17',1),(303,141,'https://cdn.dummyjson.com/products/images/sports-accessories/Basketball%20Rim/1.png','admin','2024-09-17','admin','2024-09-17',1),(304,142,'https://cdn.dummyjson.com/products/images/sports-accessories/Cricket%20Ball/1.png','admin','2024-09-17','admin','2024-09-17',1),(305,143,'https://cdn.dummyjson.com/products/images/sports-accessories/Cricket%20Bat/1.png','admin','2024-09-17','admin','2024-09-17',1),(306,144,'https://cdn.dummyjson.com/products/images/sports-accessories/Cricket%20Helmet/1.png','admin','2024-09-17','admin','2024-09-17',1),(307,144,'https://cdn.dummyjson.com/products/images/sports-accessories/Cricket%20Helmet/2.png','admin','2024-09-17','admin','2024-09-17',1),(308,144,'https://cdn.dummyjson.com/products/images/sports-accessories/Cricket%20Helmet/3.png','admin','2024-09-17','admin','2024-09-17',1),(309,144,'https://cdn.dummyjson.com/products/images/sports-accessories/Cricket%20Helmet/4.png','admin','2024-09-17','admin','2024-09-17',1),(310,145,'https://cdn.dummyjson.com/products/images/sports-accessories/Cricket%20Wicket/1.png','admin','2024-09-17','admin','2024-09-17',1),(311,146,'https://cdn.dummyjson.com/products/images/sports-accessories/Feather%20Shuttlecock/1.png','admin','2024-09-17','admin','2024-09-17',1),(312,147,'https://cdn.dummyjson.com/products/images/sports-accessories/Football/1.png','admin','2024-09-17','admin','2024-09-17',1),(313,148,'https://cdn.dummyjson.com/products/images/sports-accessories/Golf%20Ball/1.png','admin','2024-09-17','admin','2024-09-17',1),(314,149,'https://cdn.dummyjson.com/products/images/sports-accessories/Iron%20Golf/1.png','admin','2024-09-17','admin','2024-09-17',1),(315,150,'https://cdn.dummyjson.com/products/images/sports-accessories/Metal%20Baseball%20Bat/1.png','admin','2024-09-17','admin','2024-09-17',1),(316,151,'https://cdn.dummyjson.com/products/images/sports-accessories/Tennis%20Ball/1.png','admin','2024-09-17','admin','2024-09-17',1),(317,152,'https://cdn.dummyjson.com/products/images/sports-accessories/Tennis%20Racket/1.png','admin','2024-09-17','admin','2024-09-17',1),(318,153,'https://cdn.dummyjson.com/products/images/sports-accessories/Volleyball/1.png','admin','2024-09-17','admin','2024-09-17',1),(319,154,'https://cdn.dummyjson.com/products/images/sunglasses/Black%20Sun%20Glasses/1.png','admin','2024-09-17','admin','2024-09-17',1),(320,154,'https://cdn.dummyjson.com/products/images/sunglasses/Black%20Sun%20Glasses/2.png','admin','2024-09-17','admin','2024-09-17',1),(321,154,'https://cdn.dummyjson.com/products/images/sunglasses/Black%20Sun%20Glasses/3.png','admin','2024-09-17','admin','2024-09-17',1),(322,155,'https://cdn.dummyjson.com/products/images/sunglasses/Classic%20Sun%20Glasses/1.png','admin','2024-09-17','admin','2024-09-17',1),(323,155,'https://cdn.dummyjson.com/products/images/sunglasses/Classic%20Sun%20Glasses/2.png','admin','2024-09-17','admin','2024-09-17',1),(324,155,'https://cdn.dummyjson.com/products/images/sunglasses/Classic%20Sun%20Glasses/3.png','admin','2024-09-17','admin','2024-09-17',1),(325,156,'https://cdn.dummyjson.com/products/images/sunglasses/Green%20and%20Black%20Glasses/1.png','admin','2024-09-17','admin','2024-09-17',1),(326,156,'https://cdn.dummyjson.com/products/images/sunglasses/Green%20and%20Black%20Glasses/2.png','admin','2024-09-17','admin','2024-09-17',1),(327,156,'https://cdn.dummyjson.com/products/images/sunglasses/Green%20and%20Black%20Glasses/3.png','admin','2024-09-17','admin','2024-09-17',1),(328,157,'https://cdn.dummyjson.com/products/images/sunglasses/Party%20Glasses/1.png','admin','2024-09-17','admin','2024-09-17',1),(329,157,'https://cdn.dummyjson.com/products/images/sunglasses/Party%20Glasses/2.png','admin','2024-09-17','admin','2024-09-17',1),(330,157,'https://cdn.dummyjson.com/products/images/sunglasses/Party%20Glasses/3.png','admin','2024-09-17','admin','2024-09-17',1),(331,158,'https://cdn.dummyjson.com/products/images/sunglasses/Sunglasses/1.png','admin','2024-09-17','admin','2024-09-17',1),(332,158,'https://cdn.dummyjson.com/products/images/sunglasses/Sunglasses/2.png','admin','2024-09-17','admin','2024-09-17',1),(333,158,'https://cdn.dummyjson.com/products/images/sunglasses/Sunglasses/3.png','admin','2024-09-17','admin','2024-09-17',1),(334,159,'https://cdn.dummyjson.com/products/images/tablets/iPad%20Mini%202021%20Starlight/1.png','admin','2024-09-17','admin','2024-09-17',1),(335,159,'https://cdn.dummyjson.com/products/images/tablets/iPad%20Mini%202021%20Starlight/2.png','admin','2024-09-17','admin','2024-09-17',1),(336,159,'https://cdn.dummyjson.com/products/images/tablets/iPad%20Mini%202021%20Starlight/3.png','admin','2024-09-17','admin','2024-09-17',1),(337,159,'https://cdn.dummyjson.com/products/images/tablets/iPad%20Mini%202021%20Starlight/4.png','admin','2024-09-17','admin','2024-09-17',1),(338,160,'https://cdn.dummyjson.com/products/images/tablets/Samsung%20Galaxy%20Tab%20S8%20Plus%20Grey/1.png','admin','2024-09-17','admin','2024-09-17',1),(339,160,'https://cdn.dummyjson.com/products/images/tablets/Samsung%20Galaxy%20Tab%20S8%20Plus%20Grey/2.png','admin','2024-09-17','admin','2024-09-17',1),(340,160,'https://cdn.dummyjson.com/products/images/tablets/Samsung%20Galaxy%20Tab%20S8%20Plus%20Grey/3.png','admin','2024-09-17','admin','2024-09-17',1),(341,160,'https://cdn.dummyjson.com/products/images/tablets/Samsung%20Galaxy%20Tab%20S8%20Plus%20Grey/4.png','admin','2024-09-17','admin','2024-09-17',1),(342,161,'https://cdn.dummyjson.com/products/images/tablets/Samsung%20Galaxy%20Tab%20White/1.png','admin','2024-09-17','admin','2024-09-17',1),(343,161,'https://cdn.dummyjson.com/products/images/tablets/Samsung%20Galaxy%20Tab%20White/2.png','admin','2024-09-17','admin','2024-09-17',1),(344,161,'https://cdn.dummyjson.com/products/images/tablets/Samsung%20Galaxy%20Tab%20White/3.png','admin','2024-09-17','admin','2024-09-17',1),(345,161,'https://cdn.dummyjson.com/products/images/tablets/Samsung%20Galaxy%20Tab%20White/4.png','admin','2024-09-17','admin','2024-09-17',1),(346,162,'https://cdn.dummyjson.com/products/images/tops/Blue%20Frock/1.png','admin','2024-09-17','admin','2024-09-17',1),(347,162,'https://cdn.dummyjson.com/products/images/tops/Blue%20Frock/2.png','admin','2024-09-17','admin','2024-09-17',1),(348,162,'https://cdn.dummyjson.com/products/images/tops/Blue%20Frock/3.png','admin','2024-09-17','admin','2024-09-17',1),(349,162,'https://cdn.dummyjson.com/products/images/tops/Blue%20Frock/4.png','admin','2024-09-17','admin','2024-09-17',1),(350,163,'https://cdn.dummyjson.com/products/images/tops/Girl%20Summer%20Dress/1.png','admin','2024-09-17','admin','2024-09-17',1),(351,163,'https://cdn.dummyjson.com/products/images/tops/Girl%20Summer%20Dress/2.png','admin','2024-09-17','admin','2024-09-17',1),(352,163,'https://cdn.dummyjson.com/products/images/tops/Girl%20Summer%20Dress/3.png','admin','2024-09-17','admin','2024-09-17',1),(353,163,'https://cdn.dummyjson.com/products/images/tops/Girl%20Summer%20Dress/4.png','admin','2024-09-17','admin','2024-09-17',1),(354,164,'https://cdn.dummyjson.com/products/images/tops/Gray%20Dress/1.png','admin','2024-09-17','admin','2024-09-17',1),(355,164,'https://cdn.dummyjson.com/products/images/tops/Gray%20Dress/2.png','admin','2024-09-17','admin','2024-09-17',1),(356,164,'https://cdn.dummyjson.com/products/images/tops/Gray%20Dress/3.png','admin','2024-09-17','admin','2024-09-17',1),(357,164,'https://cdn.dummyjson.com/products/images/tops/Gray%20Dress/4.png','admin','2024-09-17','admin','2024-09-17',1),(358,165,'https://cdn.dummyjson.com/products/images/tops/Short%20Frock/1.png','admin','2024-09-17','admin','2024-09-17',1),(359,165,'https://cdn.dummyjson.com/products/images/tops/Short%20Frock/2.png','admin','2024-09-17','admin','2024-09-17',1),(360,165,'https://cdn.dummyjson.com/products/images/tops/Short%20Frock/3.png','admin','2024-09-17','admin','2024-09-17',1),(361,165,'https://cdn.dummyjson.com/products/images/tops/Short%20Frock/4.png','admin','2024-09-17','admin','2024-09-17',1),(362,166,'https://cdn.dummyjson.com/products/images/tops/Tartan%20Dress/1.png','admin','2024-09-17','admin','2024-09-17',1),(363,166,'https://cdn.dummyjson.com/products/images/tops/Tartan%20Dress/2.png','admin','2024-09-17','admin','2024-09-17',1),(364,166,'https://cdn.dummyjson.com/products/images/tops/Tartan%20Dress/3.png','admin','2024-09-17','admin','2024-09-17',1),(365,166,'https://cdn.dummyjson.com/products/images/tops/Tartan%20Dress/4.png','admin','2024-09-17','admin','2024-09-17',1),(366,167,'https://cdn.dummyjson.com/products/images/vehicle/300%20Touring/1.png','admin','2024-09-17','admin','2024-09-17',1),(367,167,'https://cdn.dummyjson.com/products/images/vehicle/300%20Touring/2.png','admin','2024-09-17','admin','2024-09-17',1),(368,167,'https://cdn.dummyjson.com/products/images/vehicle/300%20Touring/3.png','admin','2024-09-17','admin','2024-09-17',1),(369,167,'https://cdn.dummyjson.com/products/images/vehicle/300%20Touring/4.png','admin','2024-09-17','admin','2024-09-17',1),(370,167,'https://cdn.dummyjson.com/products/images/vehicle/300%20Touring/5.png','admin','2024-09-17','admin','2024-09-17',1),(371,167,'https://cdn.dummyjson.com/products/images/vehicle/300%20Touring/6.png','admin','2024-09-17','admin','2024-09-17',1),(372,168,'https://cdn.dummyjson.com/products/images/vehicle/Charger%20SXT%20RWD/1.png','admin','2024-09-17','admin','2024-09-17',1),(373,168,'https://cdn.dummyjson.com/products/images/vehicle/Charger%20SXT%20RWD/2.png','admin','2024-09-17','admin','2024-09-17',1),(374,168,'https://cdn.dummyjson.com/products/images/vehicle/Charger%20SXT%20RWD/3.png','admin','2024-09-17','admin','2024-09-17',1),(375,168,'https://cdn.dummyjson.com/products/images/vehicle/Charger%20SXT%20RWD/4.png','admin','2024-09-17','admin','2024-09-17',1),(376,168,'https://cdn.dummyjson.com/products/images/vehicle/Charger%20SXT%20RWD/5.png','admin','2024-09-17','admin','2024-09-17',1),(377,168,'https://cdn.dummyjson.com/products/images/vehicle/Charger%20SXT%20RWD/6.png','admin','2024-09-17','admin','2024-09-17',1),(378,169,'https://cdn.dummyjson.com/products/images/vehicle/Dodge%20Hornet%20GT%20Plus/1.png','admin','2024-09-17','admin','2024-09-17',1),(379,169,'https://cdn.dummyjson.com/products/images/vehicle/Dodge%20Hornet%20GT%20Plus/2.png','admin','2024-09-17','admin','2024-09-17',1),(380,169,'https://cdn.dummyjson.com/products/images/vehicle/Dodge%20Hornet%20GT%20Plus/3.png','admin','2024-09-17','admin','2024-09-17',1),(381,169,'https://cdn.dummyjson.com/products/images/vehicle/Dodge%20Hornet%20GT%20Plus/4.png','admin','2024-09-17','admin','2024-09-17',1),(382,169,'https://cdn.dummyjson.com/products/images/vehicle/Dodge%20Hornet%20GT%20Plus/5.png','admin','2024-09-17','admin','2024-09-17',1),(383,169,'https://cdn.dummyjson.com/products/images/vehicle/Dodge%20Hornet%20GT%20Plus/6.png','admin','2024-09-17','admin','2024-09-17',1),(384,170,'https://cdn.dummyjson.com/products/images/vehicle/Durango%20SXT%20RWD/1.png','admin','2024-09-17','admin','2024-09-17',1),(385,170,'https://cdn.dummyjson.com/products/images/vehicle/Durango%20SXT%20RWD/2.png','admin','2024-09-17','admin','2024-09-17',1),(386,170,'https://cdn.dummyjson.com/products/images/vehicle/Durango%20SXT%20RWD/3.png','admin','2024-09-17','admin','2024-09-17',1),(387,170,'https://cdn.dummyjson.com/products/images/vehicle/Durango%20SXT%20RWD/4.png','admin','2024-09-17','admin','2024-09-17',1),(388,170,'https://cdn.dummyjson.com/products/images/vehicle/Durango%20SXT%20RWD/5.png','admin','2024-09-17','admin','2024-09-17',1),(389,170,'https://cdn.dummyjson.com/products/images/vehicle/Durango%20SXT%20RWD/6.png','admin','2024-09-17','admin','2024-09-17',1),(390,171,'https://cdn.dummyjson.com/products/images/vehicle/Pacifica%20Touring/1.png','admin','2024-09-17','admin','2024-09-17',1),(391,171,'https://cdn.dummyjson.com/products/images/vehicle/Pacifica%20Touring/2.png','admin','2024-09-17','admin','2024-09-17',1),(392,171,'https://cdn.dummyjson.com/products/images/vehicle/Pacifica%20Touring/3.png','admin','2024-09-17','admin','2024-09-17',1),(393,171,'https://cdn.dummyjson.com/products/images/vehicle/Pacifica%20Touring/4.png','admin','2024-09-17','admin','2024-09-17',1),(394,171,'https://cdn.dummyjson.com/products/images/vehicle/Pacifica%20Touring/5.png','admin','2024-09-17','admin','2024-09-17',1),(395,171,'https://cdn.dummyjson.com/products/images/vehicle/Pacifica%20Touring/6.png','admin','2024-09-17','admin','2024-09-17',1),(396,172,'https://cdn.dummyjson.com/products/images/womens-bags/Blue%20Women\'s%20Handbag/1.png','admin','2024-09-17','admin','2024-09-17',1),(397,172,'https://cdn.dummyjson.com/products/images/womens-bags/Blue%20Women\'s%20Handbag/2.png','admin','2024-09-17','admin','2024-09-17',1),(398,172,'https://cdn.dummyjson.com/products/images/womens-bags/Blue%20Women\'s%20Handbag/3.png','admin','2024-09-17','admin','2024-09-17',1),(399,173,'https://cdn.dummyjson.com/products/images/womens-bags/Heshe%20Women\'s%20Leather%20Bag/1.png','admin','2024-09-17','admin','2024-09-17',1),(400,173,'https://cdn.dummyjson.com/products/images/womens-bags/Heshe%20Women\'s%20Leather%20Bag/2.png','admin','2024-09-17','admin','2024-09-17',1),(401,173,'https://cdn.dummyjson.com/products/images/womens-bags/Heshe%20Women\'s%20Leather%20Bag/3.png','admin','2024-09-17','admin','2024-09-17',1),(402,174,'https://cdn.dummyjson.com/products/images/womens-bags/Prada%20Women%20Bag/1.png','admin','2024-09-17','admin','2024-09-17',1),(403,174,'https://cdn.dummyjson.com/products/images/womens-bags/Prada%20Women%20Bag/2.png','admin','2024-09-17','admin','2024-09-17',1),(404,174,'https://cdn.dummyjson.com/products/images/womens-bags/Prada%20Women%20Bag/3.png','admin','2024-09-17','admin','2024-09-17',1),(405,175,'https://cdn.dummyjson.com/products/images/womens-bags/White%20Faux%20Leather%20Backpack/1.png','admin','2024-09-17','admin','2024-09-17',1),(406,175,'https://cdn.dummyjson.com/products/images/womens-bags/White%20Faux%20Leather%20Backpack/2.png','admin','2024-09-17','admin','2024-09-17',1),(407,175,'https://cdn.dummyjson.com/products/images/womens-bags/White%20Faux%20Leather%20Backpack/3.png','admin','2024-09-17','admin','2024-09-17',1),(408,176,'https://cdn.dummyjson.com/products/images/womens-bags/Women%20Handbag%20Black/1.png','admin','2024-09-17','admin','2024-09-17',1),(409,176,'https://cdn.dummyjson.com/products/images/womens-bags/Women%20Handbag%20Black/2.png','admin','2024-09-17','admin','2024-09-17',1),(410,176,'https://cdn.dummyjson.com/products/images/womens-bags/Women%20Handbag%20Black/3.png','admin','2024-09-17','admin','2024-09-17',1),(411,177,'https://cdn.dummyjson.com/products/images/womens-dresses/Black%20Women\'s%20Gown/1.png','admin','2024-09-17','admin','2024-09-17',1),(412,177,'https://cdn.dummyjson.com/products/images/womens-dresses/Black%20Women\'s%20Gown/2.png','admin','2024-09-17','admin','2024-09-17',1),(413,177,'https://cdn.dummyjson.com/products/images/womens-dresses/Black%20Women\'s%20Gown/3.png','admin','2024-09-17','admin','2024-09-17',1),(414,177,'https://cdn.dummyjson.com/products/images/womens-dresses/Black%20Women\'s%20Gown/4.png','admin','2024-09-17','admin','2024-09-17',1),(415,178,'https://cdn.dummyjson.com/products/images/womens-dresses/Corset%20Leather%20With%20Skirt/1.png','admin','2024-09-17','admin','2024-09-17',1),(416,178,'https://cdn.dummyjson.com/products/images/womens-dresses/Corset%20Leather%20With%20Skirt/2.png','admin','2024-09-17','admin','2024-09-17',1),(417,178,'https://cdn.dummyjson.com/products/images/womens-dresses/Corset%20Leather%20With%20Skirt/3.png','admin','2024-09-17','admin','2024-09-17',1),(418,178,'https://cdn.dummyjson.com/products/images/womens-dresses/Corset%20Leather%20With%20Skirt/4.png','admin','2024-09-17','admin','2024-09-17',1),(419,179,'https://cdn.dummyjson.com/products/images/womens-dresses/Corset%20With%20Black%20Skirt/1.png','admin','2024-09-17','admin','2024-09-17',1),(420,179,'https://cdn.dummyjson.com/products/images/womens-dresses/Corset%20With%20Black%20Skirt/2.png','admin','2024-09-17','admin','2024-09-17',1),(421,179,'https://cdn.dummyjson.com/products/images/womens-dresses/Corset%20With%20Black%20Skirt/3.png','admin','2024-09-17','admin','2024-09-17',1),(422,179,'https://cdn.dummyjson.com/products/images/womens-dresses/Corset%20With%20Black%20Skirt/4.png','admin','2024-09-17','admin','2024-09-17',1),(423,180,'https://cdn.dummyjson.com/products/images/womens-dresses/Dress%20Pea/1.png','admin','2024-09-17','admin','2024-09-17',1),(424,180,'https://cdn.dummyjson.com/products/images/womens-dresses/Dress%20Pea/2.png','admin','2024-09-17','admin','2024-09-17',1),(425,180,'https://cdn.dummyjson.com/products/images/womens-dresses/Dress%20Pea/3.png','admin','2024-09-17','admin','2024-09-17',1),(426,180,'https://cdn.dummyjson.com/products/images/womens-dresses/Dress%20Pea/4.png','admin','2024-09-17','admin','2024-09-17',1),(427,181,'https://cdn.dummyjson.com/products/images/womens-dresses/Marni%20Red%20&%20Black%20Suit/1.png','admin','2024-09-17','admin','2024-09-17',1),(428,181,'https://cdn.dummyjson.com/products/images/womens-dresses/Marni%20Red%20&%20Black%20Suit/2.png','admin','2024-09-17','admin','2024-09-17',1),(429,181,'https://cdn.dummyjson.com/products/images/womens-dresses/Marni%20Red%20&%20Black%20Suit/3.png','admin','2024-09-17','admin','2024-09-17',1),(430,181,'https://cdn.dummyjson.com/products/images/womens-dresses/Marni%20Red%20&%20Black%20Suit/4.png','admin','2024-09-17','admin','2024-09-17',1),(431,182,'https://cdn.dummyjson.com/products/images/womens-jewellery/Green%20Crystal%20Earring/1.png','admin','2024-09-17','admin','2024-09-17',1),(432,182,'https://cdn.dummyjson.com/products/images/womens-jewellery/Green%20Crystal%20Earring/2.png','admin','2024-09-17','admin','2024-09-17',1),(433,182,'https://cdn.dummyjson.com/products/images/womens-jewellery/Green%20Crystal%20Earring/3.png','admin','2024-09-17','admin','2024-09-17',1),(434,183,'https://cdn.dummyjson.com/products/images/womens-jewellery/Green%20Oval%20Earring/1.png','admin','2024-09-17','admin','2024-09-17',1),(435,183,'https://cdn.dummyjson.com/products/images/womens-jewellery/Green%20Oval%20Earring/2.png','admin','2024-09-17','admin','2024-09-17',1),(436,183,'https://cdn.dummyjson.com/products/images/womens-jewellery/Green%20Oval%20Earring/3.png','admin','2024-09-17','admin','2024-09-17',1),(437,184,'https://cdn.dummyjson.com/products/images/womens-jewellery/Tropical%20Earring/1.png','admin','2024-09-17','admin','2024-09-17',1),(438,184,'https://cdn.dummyjson.com/products/images/womens-jewellery/Tropical%20Earring/2.png','admin','2024-09-17','admin','2024-09-17',1),(439,184,'https://cdn.dummyjson.com/products/images/womens-jewellery/Tropical%20Earring/3.png','admin','2024-09-17','admin','2024-09-17',1),(440,185,'https://cdn.dummyjson.com/products/images/womens-shoes/Black%20&%20Brown%20Slipper/1.png','admin','2024-09-17','admin','2024-09-17',1),(441,185,'https://cdn.dummyjson.com/products/images/womens-shoes/Black%20&%20Brown%20Slipper/2.png','admin','2024-09-17','admin','2024-09-17',1),(442,185,'https://cdn.dummyjson.com/products/images/womens-shoes/Black%20&%20Brown%20Slipper/3.png','admin','2024-09-17','admin','2024-09-17',1),(443,185,'https://cdn.dummyjson.com/products/images/womens-shoes/Black%20&%20Brown%20Slipper/4.png','admin','2024-09-17','admin','2024-09-17',1),(444,186,'https://cdn.dummyjson.com/products/images/womens-shoes/Calvin%20Klein%20Heel%20Shoes/1.png','admin','2024-09-17','admin','2024-09-17',1),(445,186,'https://cdn.dummyjson.com/products/images/womens-shoes/Calvin%20Klein%20Heel%20Shoes/2.png','admin','2024-09-17','admin','2024-09-17',1),(446,186,'https://cdn.dummyjson.com/products/images/womens-shoes/Calvin%20Klein%20Heel%20Shoes/3.png','admin','2024-09-17','admin','2024-09-17',1),(447,186,'https://cdn.dummyjson.com/products/images/womens-shoes/Calvin%20Klein%20Heel%20Shoes/4.png','admin','2024-09-17','admin','2024-09-17',1),(448,187,'https://cdn.dummyjson.com/products/images/womens-shoes/Golden%20Shoes%20Woman/1.png','admin','2024-09-17','admin','2024-09-17',1),(449,187,'https://cdn.dummyjson.com/products/images/womens-shoes/Golden%20Shoes%20Woman/2.png','admin','2024-09-17','admin','2024-09-17',1),(450,187,'https://cdn.dummyjson.com/products/images/womens-shoes/Golden%20Shoes%20Woman/3.png','admin','2024-09-17','admin','2024-09-17',1),(451,187,'https://cdn.dummyjson.com/products/images/womens-shoes/Golden%20Shoes%20Woman/4.png','admin','2024-09-17','admin','2024-09-17',1),(452,188,'https://cdn.dummyjson.com/products/images/womens-shoes/Pampi%20Shoes/1.png','admin','2024-09-17','admin','2024-09-17',1),(453,188,'https://cdn.dummyjson.com/products/images/womens-shoes/Pampi%20Shoes/2.png','admin','2024-09-17','admin','2024-09-17',1),(454,188,'https://cdn.dummyjson.com/products/images/womens-shoes/Pampi%20Shoes/3.png','admin','2024-09-17','admin','2024-09-17',1),(455,188,'https://cdn.dummyjson.com/products/images/womens-shoes/Pampi%20Shoes/4.png','admin','2024-09-17','admin','2024-09-17',1),(456,189,'https://cdn.dummyjson.com/products/images/womens-shoes/Red%20Shoes/1.png','admin','2024-09-17','admin','2024-09-17',1),(457,189,'https://cdn.dummyjson.com/products/images/womens-shoes/Red%20Shoes/2.png','admin','2024-09-17','admin','2024-09-17',1),(458,189,'https://cdn.dummyjson.com/products/images/womens-shoes/Red%20Shoes/3.png','admin','2024-09-17','admin','2024-09-17',1),(459,189,'https://cdn.dummyjson.com/products/images/womens-shoes/Red%20Shoes/4.png','admin','2024-09-17','admin','2024-09-17',1),(460,190,'https://cdn.dummyjson.com/products/images/womens-watches/IWC%20Ingenieur%20Automatic%20Steel/1.png','admin','2024-09-17','admin','2024-09-17',1),(461,190,'https://cdn.dummyjson.com/products/images/womens-watches/IWC%20Ingenieur%20Automatic%20Steel/2.png','admin','2024-09-17','admin','2024-09-17',1),(462,190,'https://cdn.dummyjson.com/products/images/womens-watches/IWC%20Ingenieur%20Automatic%20Steel/3.png','admin','2024-09-17','admin','2024-09-17',1),(463,191,'https://cdn.dummyjson.com/products/images/womens-watches/Rolex%20Cellini%20Moonphase/1.png','admin','2024-09-17','admin','2024-09-17',1),(464,191,'https://cdn.dummyjson.com/products/images/womens-watches/Rolex%20Cellini%20Moonphase/2.png','admin','2024-09-17','admin','2024-09-17',1),(465,191,'https://cdn.dummyjson.com/products/images/womens-watches/Rolex%20Cellini%20Moonphase/3.png','admin','2024-09-17','admin','2024-09-17',1),(466,192,'https://cdn.dummyjson.com/products/images/womens-watches/Rolex%20Datejust%20Women/1.png','admin','2024-09-17','admin','2024-09-17',1),(467,192,'https://cdn.dummyjson.com/products/images/womens-watches/Rolex%20Datejust%20Women/2.png','admin','2024-09-17','admin','2024-09-17',1),(468,192,'https://cdn.dummyjson.com/products/images/womens-watches/Rolex%20Datejust%20Women/3.png','admin','2024-09-17','admin','2024-09-17',1),(469,193,'https://cdn.dummyjson.com/products/images/womens-watches/Watch%20Gold%20for%20Women/1.png','admin','2024-09-17','admin','2024-09-17',1),(470,193,'https://cdn.dummyjson.com/products/images/womens-watches/Watch%20Gold%20for%20Women/2.png','admin','2024-09-17','admin','2024-09-17',1),(471,193,'https://cdn.dummyjson.com/products/images/womens-watches/Watch%20Gold%20for%20Women/3.png','admin','2024-09-17','admin','2024-09-17',1),(472,194,'https://cdn.dummyjson.com/products/images/womens-watches/Women\'s%20Wrist%20Watch/1.png','admin','2024-09-17','admin','2024-09-17',1),(473,194,'https://cdn.dummyjson.com/products/images/womens-watches/Women\'s%20Wrist%20Watch/2.png','admin','2024-09-17','admin','2024-09-17',1),(474,194,'https://cdn.dummyjson.com/products/images/womens-watches/Women\'s%20Wrist%20Watch/3.png','admin','2024-09-17','admin','2024-09-17',1),(475,200,'/images/uploads/productImages-1729750376842-252391129.jpg','admin','2024-10-24',NULL,NULL,NULL),(476,200,'/images/uploads/productImages-1729750376842-27318519.jpg','admin','2024-10-24',NULL,NULL,NULL),(756,210,'/images/uploads/thumbnail-1730274281395-984655911.jpg','admin','2024-10-30','admin','2024-10-30',1);
/*!40000 ALTER TABLE `images` ENABLE KEYS */;
UNLOCK TABLES;

--
-- Table structure for table `order_items`
--

DROP TABLE IF EXISTS `order_items`;
/*!40101 SET @saved_cs_client     = @@character_set_client */;
/*!50503 SET character_set_client = utf8mb4 */;
CREATE TABLE `order_items` (
  `order_item_id` int NOT NULL AUTO_INCREMENT,
  `order_id` int DEFAULT NULL,
  `product_id` int DEFAULT NULL,
  `quantity` decimal(10,0) DEFAULT NULL,
  `price` decimal(10,2) DEFAULT NULL,
  `shipping_cost` decimal(10,2) DEFAULT NULL,
  `tax` decimal(10,2) DEFAULT NULL,
  PRIMARY KEY (`order_item_id`),
  KEY `fk_order_items_orders` (`order_id`),
  KEY `fk_order_items_products` (`product_id`),
  CONSTRAINT `fk_order_items_orders` FOREIGN KEY (`order_id`) REFERENCES `orders` (`order_id`),
  CONSTRAINT `fk_order_items_products` FOREIGN KEY (`product_id`) REFERENCES `products` (`product_id`)
) ENGINE=InnoDB AUTO_INCREMENT=21 DEFAULT CHARSET=utf8mb4 COLLATE=utf8mb4_0900_ai_ci;
/*!40101 SET character_set_client = @saved_cs_client */;

--
-- Dumping data for table `order_items`
--

LOCK TABLES `order_items` WRITE;
/*!40000 ALTER TABLE `order_items` DISABLE KEYS */;
INSERT INTO `order_items` VALUES (1,6,69,2,7.98,0.00,0.00),(2,7,7,5,649.95,0.00,0.00),(3,7,42,46,45.54,0.00,0.00),(4,11,69,2,7.98,9.99,0.80),(5,22,185,29,579.71,0.00,57.97),(6,23,194,1,129.99,0.00,13.00),(9,26,13,5,1499.95,0.00,150.00),(10,27,200,5,60.00,9.99,6.00),(11,28,200,5,60.00,9.99,7.10),(12,28,199,1,11.00,9.99,7.10),(13,29,86,1,19.99,9.99,2.00),(14,30,189,17,594.83,0.00,59.48),(15,31,8,8,719.92,0.00,71.99),(16,32,13,5,1499.95,0.00,150.00),(17,33,69,2,7.98,9.99,0.80),(18,34,77,45,269.55,0.00,26.96),(19,35,14,5,2499.95,0.00,250.00),(20,36,25,10,12.90,9.99,1.29);
/*!40000 ALTER TABLE `order_items` ENABLE KEYS */;
UNLOCK TABLES;

--
-- Table structure for table `orders`
--

DROP TABLE IF EXISTS `orders`;
/*!40101 SET @saved_cs_client     = @@character_set_client */;
/*!50503 SET character_set_client = utf8mb4 */;
CREATE TABLE `orders` (
  `order_id` int NOT NULL AUTO_INCREMENT,
  `user_id` int DEFAULT NULL,
  `total_price` decimal(10,2) DEFAULT NULL,
  `shipping_id` int DEFAULT NULL,
  `order_date` date DEFAULT NULL,
  `order_status` int DEFAULT NULL,
  `order_note` varchar(300) DEFAULT NULL,
  `created_by` varchar(200) DEFAULT NULL,
  `creation_date` date DEFAULT NULL,
  `last_updated_by` varchar(100) DEFAULT NULL,
  `last_update_date` timestamp NULL DEFAULT NULL,
  `change_number` decimal(10,0) DEFAULT NULL,
  PRIMARY KEY (`order_id`),
  KEY `fk_orders_users` (`user_id`),
  KEY `fk_orders_shipping_address` (`shipping_id`),
  CONSTRAINT `fk_orders_shipping_address` FOREIGN KEY (`shipping_id`) REFERENCES `shipping_address` (`shipping_id`),
  CONSTRAINT `fk_orders_users` FOREIGN KEY (`user_id`) REFERENCES `users` (`user_id`)
) ENGINE=InnoDB AUTO_INCREMENT=37 DEFAULT CHARSET=utf8mb4 COLLATE=utf8mb4_0900_ai_ci;
/*!40101 SET character_set_client = @saved_cs_client */;

--
-- Dumping data for table `orders`
--

LOCK TABLES `orders` WRITE;
/*!40000 ALTER TABLE `orders` DISABLE KEYS */;
INSERT INTO `orders` VALUES (6,16,18.77,3,'2024-10-06',2,NULL,NULL,NULL,NULL,NULL,NULL),(7,9,765.04,5,'2024-10-06',1,NULL,NULL,NULL,NULL,NULL,NULL),(11,9,18.77,5,'2024-10-06',2,NULL,NULL,NULL,NULL,NULL,NULL),(22,9,637.68,5,'2024-10-08',3,NULL,NULL,NULL,'admin','2024-10-16 06:32:55',NULL),(23,16,142.99,3,'2024-10-08',0,NULL,NULL,NULL,NULL,NULL,NULL),(26,16,1649.95,1,'2024-10-15',2,NULL,NULL,NULL,NULL,NULL,NULL),(27,2,75.99,6,'2024-10-27',2,NULL,NULL,NULL,'admin','2024-10-28 03:41:57',NULL),(28,2,88.09,6,'2024-10-27',3,NULL,NULL,NULL,'admin','2024-10-27 09:13:42',NULL),(29,9,31.98,5,'2024-10-29',3,NULL,NULL,NULL,'admin','2024-10-29 09:41:46',NULL),(30,9,654.31,5,'2024-10-29',3,NULL,NULL,NULL,'admin','2024-10-29 07:44:02',NULL),(31,9,791.91,5,'2024-10-29',3,NULL,NULL,NULL,'admin','2024-10-29 09:41:51',NULL),(32,16,1649.95,3,'2024-10-29',3,NULL,NULL,NULL,'admin','2024-10-29 09:41:58',NULL),(33,16,18.77,1,'2024-10-29',0,NULL,NULL,NULL,NULL,NULL,NULL),(34,16,296.51,1,'2024-10-29',0,NULL,NULL,NULL,NULL,NULL,NULL),(35,9,2749.95,5,'2024-10-29',3,NULL,NULL,NULL,'admin','2024-10-29 09:44:48',NULL),(36,16,24.18,3,'2024-11-05',3,NULL,NULL,NULL,'admin','2024-11-04 18:33:46',NULL);
/*!40000 ALTER TABLE `orders` ENABLE KEYS */;
UNLOCK TABLES;

--
-- Table structure for table `product_sizes`
--

DROP TABLE IF EXISTS `product_sizes`;
/*!40101 SET @saved_cs_client     = @@character_set_client */;
/*!50503 SET character_set_client = utf8mb4 */;
CREATE TABLE `product_sizes` (
  `sizes_id` int NOT NULL AUTO_INCREMENT,
  `size_name` varchar(100) DEFAULT NULL,
  `size_stock` int DEFAULT NULL,
  `created_by` varchar(200) DEFAULT NULL,
  `creation_date` date DEFAULT NULL,
  `last_updated_by` varchar(100) DEFAULT NULL,
  `last_update_date` date DEFAULT NULL,
  `change_number` decimal(10,0) DEFAULT NULL,
  PRIMARY KEY (`sizes_id`)
) ENGINE=InnoDB DEFAULT CHARSET=utf8mb4 COLLATE=utf8mb4_0900_ai_ci;
/*!40101 SET character_set_client = @saved_cs_client */;

--
-- Dumping data for table `product_sizes`
--

LOCK TABLES `product_sizes` WRITE;
/*!40000 ALTER TABLE `product_sizes` DISABLE KEYS */;
/*!40000 ALTER TABLE `product_sizes` ENABLE KEYS */;
UNLOCK TABLES;

--
-- Table structure for table `product_tags`
--

DROP TABLE IF EXISTS `product_tags`;
/*!40101 SET @saved_cs_client     = @@character_set_client */;
/*!50503 SET character_set_client = utf8mb4 */;
CREATE TABLE `product_tags` (
  `tags_id` int NOT NULL AUTO_INCREMENT,
  `tags_name` varchar(100) DEFAULT NULL,
  `created_by` varchar(200) DEFAULT NULL,
  `creation_date` date DEFAULT NULL,
  `last_updated_by` varchar(100) DEFAULT NULL,
  `last_update_date` date DEFAULT NULL,
  `change_number` decimal(10,0) DEFAULT NULL,
  PRIMARY KEY (`tags_id`)
) ENGINE=InnoDB AUTO_INCREMENT=365 DEFAULT CHARSET=utf8mb4 COLLATE=utf8mb4_0900_ai_ci;
/*!40101 SET character_set_client = @saved_cs_client */;

--
-- Dumping data for table `product_tags`
--

LOCK TABLES `product_tags` WRITE;
/*!40000 ALTER TABLE `product_tags` DISABLE KEYS */;
INSERT INTO `product_tags` VALUES (1,'beauty','admin','2024-09-17','admin','2024-09-17',1),(2,'mascara','admin','2024-09-17','admin','2024-09-17',1),(3,'beauty','admin','2024-09-17','admin','2024-09-17',1),(4,'eyeshadow','admin','2024-09-17','admin','2024-09-17',1),(5,'beauty','admin','2024-09-17','admin','2024-09-17',1),(6,'face powder','admin','2024-09-17','admin','2024-09-17',1),(7,'beauty','admin','2024-09-17','admin','2024-09-17',1),(8,'lipstick','admin','2024-09-17','admin','2024-09-17',1),(9,'beauty','admin','2024-09-17','admin','2024-09-17',1),(10,'nail polish','admin','2024-09-17','admin','2024-09-17',1),(11,'fragrances','admin','2024-09-17','admin','2024-09-17',1),(12,'perfumes','admin','2024-09-17','admin','2024-09-17',1),(13,'fragrances','admin','2024-09-17','admin','2024-09-17',1),(14,'perfumes','admin','2024-09-17','admin','2024-09-17',1),(15,'fragrances','admin','2024-09-17','admin','2024-09-17',1),(16,'perfumes','admin','2024-09-17','admin','2024-09-17',1),(17,'fragrances','admin','2024-09-17','admin','2024-09-17',1),(18,'perfumes','admin','2024-09-17','admin','2024-09-17',1),(19,'fragrances','admin','2024-09-17','admin','2024-09-17',1),(20,'perfumes','admin','2024-09-17','admin','2024-09-17',1),(21,'furniture','admin','2024-09-17','admin','2024-09-17',1),(22,'beds','admin','2024-09-17','admin','2024-09-17',1),(23,'furniture','admin','2024-09-17','admin','2024-09-17',1),(24,'sofas','admin','2024-09-17','admin','2024-09-17',1),(25,'furniture','admin','2024-09-17','admin','2024-09-17',1),(26,'bedside tables','admin','2024-09-17','admin','2024-09-17',1),(27,'furniture','admin','2024-09-17','admin','2024-09-17',1),(28,'office chairs','admin','2024-09-17','admin','2024-09-17',1),(29,'furniture','admin','2024-09-17','admin','2024-09-17',1),(30,'bathroom','admin','2024-09-17','admin','2024-09-17',1),(31,'fruits','admin','2024-09-17','admin','2024-09-17',1),(32,'meat','admin','2024-09-17','admin','2024-09-17',1),(33,'pet supplies','admin','2024-09-17','admin','2024-09-17',1),(34,'cat food','admin','2024-09-17','admin','2024-09-17',1),(35,'meat','admin','2024-09-17','admin','2024-09-17',1),(36,'cooking essentials','admin','2024-09-17','admin','2024-09-17',1),(37,'vegetables','admin','2024-09-17','admin','2024-09-17',1),(38,'pet supplies','admin','2024-09-17','admin','2024-09-17',1),(39,'dog food','admin','2024-09-17','admin','2024-09-17',1),(40,'dairy','admin','2024-09-17','admin','2024-09-17',1),(41,'seafood','admin','2024-09-17','admin','2024-09-17',1),(42,'vegetables','admin','2024-09-17','admin','2024-09-17',1),(43,'vegetables','admin','2024-09-17','admin','2024-09-17',1),(44,'condiments','admin','2024-09-17','admin','2024-09-17',1),(45,'desserts','admin','2024-09-17','admin','2024-09-17',1),(46,'beverages','admin','2024-09-17','admin','2024-09-17',1),(47,'fruits','admin','2024-09-17','admin','2024-09-17',1),(48,'fruits','admin','2024-09-17','admin','2024-09-17',1),(49,'dairy','admin','2024-09-17','admin','2024-09-17',1),(50,'fruits','admin','2024-09-17','admin','2024-09-17',1),(51,'beverages','admin','2024-09-17','admin','2024-09-17',1),(52,'coffee','admin','2024-09-17','admin','2024-09-17',1),(53,'vegetables','admin','2024-09-17','admin','2024-09-17',1),(54,'health supplements','admin','2024-09-17','admin','2024-09-17',1),(55,'vegetables','admin','2024-09-17','admin','2024-09-17',1),(56,'grains','admin','2024-09-17','admin','2024-09-17',1),(57,'beverages','admin','2024-09-17','admin','2024-09-17',1),(58,'fruits','admin','2024-09-17','admin','2024-09-17',1),(59,'household essentials','admin','2024-09-17','admin','2024-09-17',1),(60,'beverages','admin','2024-09-17','admin','2024-09-17',1),(61,'home decor','admin','2024-09-17','admin','2024-09-17',1),(62,'swing','admin','2024-09-17','admin','2024-09-17',1),(63,'home decor','admin','2024-09-17','admin','2024-09-17',1),(64,'photo frame','admin','2024-09-17','admin','2024-09-17',1),(65,'home decor','admin','2024-09-17','admin','2024-09-17',1),(66,'artificial plants','admin','2024-09-17','admin','2024-09-17',1),(67,'home decor','admin','2024-09-17','admin','2024-09-17',1),(68,'plant accessories','admin','2024-09-17','admin','2024-09-17',1),(69,'home decor','admin','2024-09-17','admin','2024-09-17',1),(70,'lighting','admin','2024-09-17','admin','2024-09-17',1),(71,'kitchen tools','admin','2024-09-17','admin','2024-09-17',1),(72,'utensils','admin','2024-09-17','admin','2024-09-17',1),(73,'drinkware','admin','2024-09-17','admin','2024-09-17',1),(74,'cups','admin','2024-09-17','admin','2024-09-17',1),(75,'kitchen tools','admin','2024-09-17','admin','2024-09-17',1),(76,'utensils','admin','2024-09-17','admin','2024-09-17',1),(77,'kitchen appliances','admin','2024-09-17','admin','2024-09-17',1),(78,'blenders','admin','2024-09-17','admin','2024-09-17',1),(79,'cookware','admin','2024-09-17','admin','2024-09-17',1),(80,'woks','admin','2024-09-17','admin','2024-09-17',1),(81,'kitchen tools','admin','2024-09-17','admin','2024-09-17',1),(82,'cutting boards','admin','2024-09-17','admin','2024-09-17',1),(83,'kitchen tools','admin','2024-09-17','admin','2024-09-17',1),(84,'juicers','admin','2024-09-17','admin','2024-09-17',1),(85,'kitchen tools','admin','2024-09-17','admin','2024-09-17',1),(86,'slicers','admin','2024-09-17','admin','2024-09-17',1),(87,'kitchen appliances','admin','2024-09-17','admin','2024-09-17',1),(88,'cooktops','admin','2024-09-17','admin','2024-09-17',1),(89,'kitchen tools','admin','2024-09-17','admin','2024-09-17',1),(90,'strainers','admin','2024-09-17','admin','2024-09-17',1),(91,'kitchen tools','admin','2024-09-17','admin','2024-09-17',1),(92,'utensils','admin','2024-09-17','admin','2024-09-17',1),(93,'drinkware','admin','2024-09-17','admin','2024-09-17',1),(94,'glasses','admin','2024-09-17','admin','2024-09-17',1),(95,'kitchen tools','admin','2024-09-17','admin','2024-09-17',1),(96,'graters','admin','2024-09-17','admin','2024-09-17',1),(97,'kitchen appliances','admin','2024-09-17','admin','2024-09-17',1),(98,'blenders','admin','2024-09-17','admin','2024-09-17',1),(99,'kitchen tools','admin','2024-09-17','admin','2024-09-17',1),(100,'ice cube trays','admin','2024-09-17','admin','2024-09-17',1),(101,'kitchen tools','admin','2024-09-17','admin','2024-09-17',1),(102,'strainers','admin','2024-09-17','admin','2024-09-17',1),(103,'kitchen tools','admin','2024-09-17','admin','2024-09-17',1),(104,'cutlery','admin','2024-09-17','admin','2024-09-17',1),(105,'kitchen tools','admin','2024-09-17','admin','2024-09-17',1),(106,'storage','admin','2024-09-17','admin','2024-09-17',1),(107,'kitchen appliances','admin','2024-09-17','admin','2024-09-17',1),(108,'microwaves','admin','2024-09-17','admin','2024-09-17',1),(109,'kitchen tools','admin','2024-09-17','admin','2024-09-17',1),(110,'organization','admin','2024-09-17','admin','2024-09-17',1),(111,'cookware','admin','2024-09-17','admin','2024-09-17',1),(112,'pans','admin','2024-09-17','admin','2024-09-17',1),(113,'dinnerware','admin','2024-09-17','admin','2024-09-17',1),(114,'plates','admin','2024-09-17','admin','2024-09-17',1),(115,'kitchen tools','admin','2024-09-17','admin','2024-09-17',1),(116,'tongs','admin','2024-09-17','admin','2024-09-17',1),(117,'cookware','admin','2024-09-17','admin','2024-09-17',1),(118,'pots','admin','2024-09-17','admin','2024-09-17',1),(119,'kitchen tools','admin','2024-09-17','admin','2024-09-17',1),(120,'turners','admin','2024-09-17','admin','2024-09-17',1),(121,'kitchen tools','admin','2024-09-17','admin','2024-09-17',1),(122,'organization','admin','2024-09-17','admin','2024-09-17',1),(123,'kitchen tools','admin','2024-09-17','admin','2024-09-17',1),(124,'utensils','admin','2024-09-17','admin','2024-09-17',1),(125,'serveware','admin','2024-09-17','admin','2024-09-17',1),(126,'trays','admin','2024-09-17','admin','2024-09-17',1),(127,'kitchen tools','admin','2024-09-17','admin','2024-09-17',1),(128,'baking','admin','2024-09-17','admin','2024-09-17',1),(129,'kitchen tools','admin','2024-09-17','admin','2024-09-17',1),(130,'peelers','admin','2024-09-17','admin','2024-09-17',1),(131,'laptops','admin','2024-09-17','admin','2024-09-17',1),(132,'apple','admin','2024-09-17','admin','2024-09-17',1),(133,'laptops','admin','2024-09-17','admin','2024-09-17',1),(134,'laptops','admin','2024-09-17','admin','2024-09-17',1),(135,'laptops','admin','2024-09-17','admin','2024-09-17',1),(136,'laptops','admin','2024-09-17','admin','2024-09-17',1),(137,'clothing','admin','2024-09-17','admin','2024-09-17',1),(138,'men\'s shirts','admin','2024-09-17','admin','2024-09-17',1),(139,'clothing','admin','2024-09-17','admin','2024-09-17',1),(140,'men\'s t-shirts','admin','2024-09-17','admin','2024-09-17',1),(141,'clothing','admin','2024-09-17','admin','2024-09-17',1),(142,'men\'s shirts','admin','2024-09-17','admin','2024-09-17',1),(143,'clothing','admin','2024-09-17','admin','2024-09-17',1),(144,'men\'s shirts','admin','2024-09-17','admin','2024-09-17',1),(145,'clothing','admin','2024-09-17','admin','2024-09-17',1),(146,'men\'s shirts','admin','2024-09-17','admin','2024-09-17',1),(147,'footwear','admin','2024-09-17','admin','2024-09-17',1),(148,'athletic shoes','admin','2024-09-17','admin','2024-09-17',1),(149,'footwear','admin','2024-09-17','admin','2024-09-17',1),(150,'sports cleats','admin','2024-09-17','admin','2024-09-17',1),(151,'footwear','admin','2024-09-17','admin','2024-09-17',1),(152,'casual shoes','admin','2024-09-17','admin','2024-09-17',1),(153,'footwear','admin','2024-09-17','admin','2024-09-17',1),(154,'athletic shoes','admin','2024-09-17','admin','2024-09-17',1),(155,'footwear','admin','2024-09-17','admin','2024-09-17',1),(156,'casual shoes','admin','2024-09-17','admin','2024-09-17',1),(157,'watches','admin','2024-09-17','admin','2024-09-17',1),(158,'leather watches','admin','2024-09-17','admin','2024-09-17',1),(159,'watches','admin','2024-09-17','admin','2024-09-17',1),(160,'luxury watches','admin','2024-09-17','admin','2024-09-17',1),(161,'watches','admin','2024-09-17','admin','2024-09-17',1),(162,'luxury watches','admin','2024-09-17','admin','2024-09-17',1),(163,'watches','admin','2024-09-17','admin','2024-09-17',1),(164,'luxury watches','admin','2024-09-17','admin','2024-09-17',1),(165,'watches','admin','2024-09-17','admin','2024-09-17',1),(166,'luxury watches','admin','2024-09-17','admin','2024-09-17',1),(167,'watches','admin','2024-09-17','admin','2024-09-17',1),(168,'luxury watches','admin','2024-09-17','admin','2024-09-17',1),(169,'electronics','admin','2024-09-17','admin','2024-09-17',1),(170,'smart speakers','admin','2024-09-17','admin','2024-09-17',1),(171,'electronics','admin','2024-09-17','admin','2024-09-17',1),(172,'wireless earphones','admin','2024-09-17','admin','2024-09-17',1),(173,'electronics','admin','2024-09-17','admin','2024-09-17',1),(174,'over-ear headphones','admin','2024-09-17','admin','2024-09-17',1),(175,'electronics','admin','2024-09-17','admin','2024-09-17',1),(176,'wireless chargers','admin','2024-09-17','admin','2024-09-17',1),(177,'electronics','admin','2024-09-17','admin','2024-09-17',1),(178,'smart speakers','admin','2024-09-17','admin','2024-09-17',1),(179,'electronics','admin','2024-09-17','admin','2024-09-17',1),(180,'chargers','admin','2024-09-17','admin','2024-09-17',1),(181,'electronics','admin','2024-09-17','admin','2024-09-17',1),(182,'power banks','admin','2024-09-17','admin','2024-09-17',1),(183,'electronics','admin','2024-09-17','admin','2024-09-17',1),(184,'smartwatches','admin','2024-09-17','admin','2024-09-17',1),(185,'electronics','admin','2024-09-17','admin','2024-09-17',1),(186,'wireless earphones','admin','2024-09-17','admin','2024-09-17',1),(187,'electronics','admin','2024-09-17','admin','2024-09-17',1),(188,'phone accessories','admin','2024-09-17','admin','2024-09-17',1),(189,'electronics','admin','2024-09-17','admin','2024-09-17',1),(190,'camera accessories','admin','2024-09-17','admin','2024-09-17',1),(191,'electronics','admin','2024-09-17','admin','2024-09-17',1),(192,'selfie accessories','admin','2024-09-17','admin','2024-09-17',1),(193,'electronics','admin','2024-09-17','admin','2024-09-17',1),(194,'selfie accessories','admin','2024-09-17','admin','2024-09-17',1),(195,'electronics','admin','2024-09-17','admin','2024-09-17',1),(196,'camera accessories','admin','2024-09-17','admin','2024-09-17',1),(197,'motorcycles','admin','2024-09-17','admin','2024-09-17',1),(198,'motorcycles','admin','2024-09-17','admin','2024-09-17',1),(199,'sportbikes','admin','2024-09-17','admin','2024-09-17',1),(200,'motorcycles','admin','2024-09-17','admin','2024-09-17',1),(201,'sportbikes','admin','2024-09-17','admin','2024-09-17',1),(202,'motorcycles','admin','2024-09-17','admin','2024-09-17',1),(203,'scooters','admin','2024-09-17','admin','2024-09-17',1),(204,'motorcycles','admin','2024-09-17','admin','2024-09-17',1),(205,'sportbikes','admin','2024-09-17','admin','2024-09-17',1),(206,'personal care','admin','2024-09-17','admin','2024-09-17',1),(207,'hand soap','admin','2024-09-17','admin','2024-09-17',1),(208,'personal care','admin','2024-09-17','admin','2024-09-17',1),(209,'body wash','admin','2024-09-17','admin','2024-09-17',1),(210,'personal care','admin','2024-09-17','admin','2024-09-17',1),(211,'body lotion','admin','2024-09-17','admin','2024-09-17',1),(212,'smartphones','admin','2024-09-17','admin','2024-09-17',1),(213,'apple','admin','2024-09-17','admin','2024-09-17',1),(214,'smartphones','admin','2024-09-17','admin','2024-09-17',1),(215,'apple','admin','2024-09-17','admin','2024-09-17',1),(216,'smartphones','admin','2024-09-17','admin','2024-09-17',1),(217,'apple','admin','2024-09-17','admin','2024-09-17',1),(218,'smartphones','admin','2024-09-17','admin','2024-09-17',1),(219,'apple','admin','2024-09-17','admin','2024-09-17',1),(220,'smartphones','admin','2024-09-17','admin','2024-09-17',1),(221,'oppo','admin','2024-09-17','admin','2024-09-17',1),(222,'smartphones','admin','2024-09-17','admin','2024-09-17',1),(223,'oppo','admin','2024-09-17','admin','2024-09-17',1),(224,'smartphones','admin','2024-09-17','admin','2024-09-17',1),(225,'oppo','admin','2024-09-17','admin','2024-09-17',1),(226,'smartphones','admin','2024-09-17','admin','2024-09-17',1),(227,'realme','admin','2024-09-17','admin','2024-09-17',1),(228,'smartphones','admin','2024-09-17','admin','2024-09-17',1),(229,'realme','admin','2024-09-17','admin','2024-09-17',1),(230,'smartphones','admin','2024-09-17','admin','2024-09-17',1),(231,'realme','admin','2024-09-17','admin','2024-09-17',1),(232,'smartphones','admin','2024-09-17','admin','2024-09-17',1),(233,'samsung galaxy','admin','2024-09-17','admin','2024-09-17',1),(234,'smartphones','admin','2024-09-17','admin','2024-09-17',1),(235,'samsung galaxy','admin','2024-09-17','admin','2024-09-17',1),(236,'smartphones','admin','2024-09-17','admin','2024-09-17',1),(237,'samsung galaxy','admin','2024-09-17','admin','2024-09-17',1),(238,'smartphones','admin','2024-09-17','admin','2024-09-17',1),(239,'vivo','admin','2024-09-17','admin','2024-09-17',1),(240,'smartphones','admin','2024-09-17','admin','2024-09-17',1),(241,'vivo','admin','2024-09-17','admin','2024-09-17',1),(242,'smartphones','admin','2024-09-17','admin','2024-09-17',1),(243,'vivo','admin','2024-09-17','admin','2024-09-17',1),(244,'sports equipment','admin','2024-09-17','admin','2024-09-17',1),(245,'american football','admin','2024-09-17','admin','2024-09-17',1),(246,'sports equipment','admin','2024-09-17','admin','2024-09-17',1),(247,'baseball','admin','2024-09-17','admin','2024-09-17',1),(248,'sports equipment','admin','2024-09-17','admin','2024-09-17',1),(249,'baseball','admin','2024-09-17','admin','2024-09-17',1),(250,'sports equipment','admin','2024-09-17','admin','2024-09-17',1),(251,'basketball','admin','2024-09-17','admin','2024-09-17',1),(252,'sports equipment','admin','2024-09-17','admin','2024-09-17',1),(253,'basketball','admin','2024-09-17','admin','2024-09-17',1),(254,'sports equipment','admin','2024-09-17','admin','2024-09-17',1),(255,'cricket','admin','2024-09-17','admin','2024-09-17',1),(256,'sports equipment','admin','2024-09-17','admin','2024-09-17',1),(257,'cricket','admin','2024-09-17','admin','2024-09-17',1),(258,'sports equipment','admin','2024-09-17','admin','2024-09-17',1),(259,'cricket','admin','2024-09-17','admin','2024-09-17',1),(260,'sports equipment','admin','2024-09-17','admin','2024-09-17',1),(261,'cricket','admin','2024-09-17','admin','2024-09-17',1),(262,'sports equipment','admin','2024-09-17','admin','2024-09-17',1),(263,'badminton','admin','2024-09-17','admin','2024-09-17',1),(264,'sports equipment','admin','2024-09-17','admin','2024-09-17',1),(265,'football','admin','2024-09-17','admin','2024-09-17',1),(266,'sports equipment','admin','2024-09-17','admin','2024-09-17',1),(267,'golf','admin','2024-09-17','admin','2024-09-17',1),(268,'sports equipment','admin','2024-09-17','admin','2024-09-17',1),(269,'golf','admin','2024-09-17','admin','2024-09-17',1),(270,'sports equipment','admin','2024-09-17','admin','2024-09-17',1),(271,'baseball','admin','2024-09-17','admin','2024-09-17',1),(272,'sports equipment','admin','2024-09-17','admin','2024-09-17',1),(273,'tennis','admin','2024-09-17','admin','2024-09-17',1),(274,'sports equipment','admin','2024-09-17','admin','2024-09-17',1),(275,'tennis','admin','2024-09-17','admin','2024-09-17',1),(276,'sports equipment','admin','2024-09-17','admin','2024-09-17',1),(277,'volleyball','admin','2024-09-17','admin','2024-09-17',1),(278,'eyewear','admin','2024-09-17','admin','2024-09-17',1),(279,'sunglasses','admin','2024-09-17','admin','2024-09-17',1),(280,'eyewear','admin','2024-09-17','admin','2024-09-17',1),(281,'sunglasses','admin','2024-09-17','admin','2024-09-17',1),(282,'eyewear','admin','2024-09-17','admin','2024-09-17',1),(283,'sunglasses','admin','2024-09-17','admin','2024-09-17',1),(284,'eyewear','admin','2024-09-17','admin','2024-09-17',1),(285,'party glasses','admin','2024-09-17','admin','2024-09-17',1),(286,'eyewear','admin','2024-09-17','admin','2024-09-17',1),(287,'sunglasses','admin','2024-09-17','admin','2024-09-17',1),(288,'electronics','admin','2024-09-17','admin','2024-09-17',1),(289,'tablets','admin','2024-09-17','admin','2024-09-17',1),(290,'electronics','admin','2024-09-17','admin','2024-09-17',1),(291,'tablets','admin','2024-09-17','admin','2024-09-17',1),(292,'electronics','admin','2024-09-17','admin','2024-09-17',1),(293,'tablets','admin','2024-09-17','admin','2024-09-17',1),(294,'clothing','admin','2024-09-17','admin','2024-09-17',1),(295,'dresses','admin','2024-09-17','admin','2024-09-17',1),(296,'clothing','admin','2024-09-17','admin','2024-09-17',1),(297,'girls\' dresses','admin','2024-09-17','admin','2024-09-17',1),(298,'clothing','admin','2024-09-17','admin','2024-09-17',1),(299,'dresses','admin','2024-09-17','admin','2024-09-17',1),(300,'clothing','admin','2024-09-17','admin','2024-09-17',1),(301,'dresses','admin','2024-09-17','admin','2024-09-17',1),(302,'clothing','admin','2024-09-17','admin','2024-09-17',1),(303,'dresses','admin','2024-09-17','admin','2024-09-17',1),(304,'sedans','admin','2024-09-17','admin','2024-09-17',1),(305,'vehicles','admin','2024-09-17','admin','2024-09-17',1),(306,'sedans','admin','2024-09-17','admin','2024-09-17',1),(307,'sports cars','admin','2024-09-17','admin','2024-09-17',1),(308,'vehicles','admin','2024-09-17','admin','2024-09-17',1),(309,'hatchbacks','admin','2024-09-17','admin','2024-09-17',1),(310,'compact cars','admin','2024-09-17','admin','2024-09-17',1),(311,'vehicles','admin','2024-09-17','admin','2024-09-17',1),(312,'suvs','admin','2024-09-17','admin','2024-09-17',1),(313,'vehicles','admin','2024-09-17','admin','2024-09-17',1),(314,'minivans','admin','2024-09-17','admin','2024-09-17',1),(315,'vehicles','admin','2024-09-17','admin','2024-09-17',1),(316,'fashion accessories','admin','2024-09-17','admin','2024-09-17',1),(317,'handbags','admin','2024-09-17','admin','2024-09-17',1),(318,'fashion accessories','admin','2024-09-17','admin','2024-09-17',1),(319,'leather bags','admin','2024-09-17','admin','2024-09-17',1),(320,'fashion accessories','admin','2024-09-17','admin','2024-09-17',1),(321,'designer bags','admin','2024-09-17','admin','2024-09-17',1),(322,'fashion accessories','admin','2024-09-17','admin','2024-09-17',1),(323,'backpacks','admin','2024-09-17','admin','2024-09-17',1),(324,'fashion accessories','admin','2024-09-17','admin','2024-09-17',1),(325,'handbags','admin','2024-09-17','admin','2024-09-17',1),(326,'clothing','admin','2024-09-17','admin','2024-09-17',1),(327,'gowns','admin','2024-09-17','admin','2024-09-17',1),(328,'clothing','admin','2024-09-17','admin','2024-09-17',1),(329,'corsets','admin','2024-09-17','admin','2024-09-17',1),(330,'skirts','admin','2024-09-17','admin','2024-09-17',1),(331,'clothing','admin','2024-09-17','admin','2024-09-17',1),(332,'corsets','admin','2024-09-17','admin','2024-09-17',1),(333,'skirts','admin','2024-09-17','admin','2024-09-17',1),(334,'clothing','admin','2024-09-17','admin','2024-09-17',1),(335,'dresses','admin','2024-09-17','admin','2024-09-17',1),(336,'clothing','admin','2024-09-17','admin','2024-09-17',1),(337,'suits','admin','2024-09-17','admin','2024-09-17',1),(338,'fashion accessories','admin','2024-09-17','admin','2024-09-17',1),(339,'earrings','admin','2024-09-17','admin','2024-09-17',1),(340,'fashion accessories','admin','2024-09-17','admin','2024-09-17',1),(341,'earrings','admin','2024-09-17','admin','2024-09-17',1),(342,'fashion accessories','admin','2024-09-17','admin','2024-09-17',1),(343,'earrings','admin','2024-09-17','admin','2024-09-17',1),(344,'footwear','admin','2024-09-17','admin','2024-09-17',1),(345,'slippers','admin','2024-09-17','admin','2024-09-17',1),(346,'footwear','admin','2024-09-17','admin','2024-09-17',1),(347,'heel shoes','admin','2024-09-17','admin','2024-09-17',1),(348,'footwear','admin','2024-09-17','admin','2024-09-17',1),(349,'women\'s shoes','admin','2024-09-17','admin','2024-09-17',1),(350,'footwear','admin','2024-09-17','admin','2024-09-17',1),(351,'casual shoes','admin','2024-09-17','admin','2024-09-17',1),(352,'footwear','admin','2024-09-17','admin','2024-09-17',1),(353,'women\'s shoes','admin','2024-09-17','admin','2024-09-17',1),(354,'watches','admin','2024-09-17','admin','2024-09-17',1),(355,'luxury watches','admin','2024-09-17','admin','2024-09-17',1),(356,'watches','admin','2024-09-17','admin','2024-09-17',1),(357,'luxury watches','admin','2024-09-17','admin','2024-09-17',1),(358,'watches','admin','2024-09-17','admin','2024-09-17',1),(359,'luxury watches','admin','2024-09-17','admin','2024-09-17',1),(360,'women\'s watches','admin','2024-09-17','admin','2024-09-17',1),(361,'watches','admin','2024-09-17','admin','2024-09-17',1),(362,'women\'s watches','admin','2024-09-17','admin','2024-09-17',1),(363,'watches','admin','2024-09-17','admin','2024-09-17',1),(364,'women\'s watches','admin','2024-09-17','admin','2024-09-17',1);
/*!40000 ALTER TABLE `product_tags` ENABLE KEYS */;
UNLOCK TABLES;

--
-- Table structure for table `products`
--

DROP TABLE IF EXISTS `products`;
/*!40101 SET @saved_cs_client     = @@character_set_client */;
/*!50503 SET character_set_client = utf8mb4 */;
CREATE TABLE `products` (
  `product_id` int NOT NULL AUTO_INCREMENT,
  `category_id` int DEFAULT NULL,
  `product_title` varchar(100) DEFAULT NULL,
  `product_description` varchar(600) DEFAULT NULL,
  `product_discount` decimal(10,2) DEFAULT NULL,
  `product_rating` decimal(10,2) DEFAULT NULL,
  `product_brand` varchar(100) DEFAULT NULL,
  `product_sku` varchar(100) DEFAULT NULL,
  `product_warranty` varchar(100) DEFAULT NULL,
  `product_shipping` varchar(100) DEFAULT NULL,
  `product_availability` int DEFAULT NULL,
  `product_return` varchar(100) DEFAULT NULL,
  `product_minimum` int DEFAULT NULL,
  `product_weight` varchar(100) DEFAULT NULL,
  `product_thumbnail` varchar(500) DEFAULT NULL,
  `barcode` varchar(100) DEFAULT NULL,
  `qrcode` varchar(200) DEFAULT NULL,
  `created_by` varchar(200) DEFAULT NULL,
  `creation_date` timestamp NULL DEFAULT NULL,
  `last_updated_by` varchar(100) DEFAULT NULL,
  `last_update_date` timestamp NULL DEFAULT NULL,
  `change_number` decimal(10,0) DEFAULT NULL,
  PRIMARY KEY (`product_id`),
  KEY `fk_products_category` (`category_id`),
  CONSTRAINT `fk_products_category` FOREIGN KEY (`category_id`) REFERENCES `category` (`category_id`)
) ENGINE=InnoDB AUTO_INCREMENT=211 DEFAULT CHARSET=utf8mb4 COLLATE=utf8mb4_0900_ai_ci;
/*!40101 SET character_set_client = @saved_cs_client */;

--
-- Dumping data for table `products`
--

LOCK TABLES `products` WRITE;
/*!40000 ALTER TABLE `products` DISABLE KEYS */;
INSERT INTO `products` VALUES (1,1,'Updated Product','This is an updated product',10.00,4.94,'Brand X','SKU123','1 year','Free shipping',2,'30-day return',1,'1.5','/images/uploads/thumbnail-1730365774916-795924272.jpg','9164035109868','https://assets.dummyjson.com/public/qr-code.png','admin','2024-05-22 18:00:00','admin','2024-10-20 09:46:56',1),(2,1,'Eyeshadow Palette with Mirror','The Eyeshadow Palette with Mirror offers a versatile range of eyeshadow shades for creating stunning eye looks. With a built-in mirror, it\'s convenient for on-the-go makeup application.',5.50,3.28,'Glamour Beauty','MVCFH27F','1 year warranty','Ships in 2 weeks',1,'30 days return policy',32,'3','https://cdn.dummyjson.com/products/images/beauty/Eyeshadow%20Palette%20with%20Mirror/thumbnail.png','2817839095220','https://assets.dummyjson.com/public/qr-code.png','admin','2024-05-22 18:00:00','admin','2024-10-17 09:18:52',1),(3,1,'Powder Canister','The Powder Canister is a finely milled setting powder designed to set makeup and control shine. With a lightweight and translucent formula, it provides a smooth and matte finish.',18.14,3.82,'Velvet Touch','9EN8WLT2','2 year warranty','Ships in 1-2 business days',1,'60 days return policy',25,'8','https://cdn.dummyjson.com/products/images/beauty/Powder%20Canister/thumbnail.png','0516267971277','https://assets.dummyjson.com/public/qr-code.png','admin','2024-05-22 18:00:00','admin','2024-05-22 18:00:00',1),(4,1,'Red Lipstick','The Red Lipstick is a classic and bold choice for adding a pop of color to your lips. With a creamy and pigmented formula, it provides a vibrant and long-lasting finish.',19.03,2.51,'Chic Cosmetics','O5IF1NTA','Lifetime warranty','Ships in 2 weeks',1,'90 days return policy',6,'5','https://cdn.dummyjson.com/products/images/beauty/Red%20Lipstick/thumbnail.png','9444582199406','https://assets.dummyjson.com/public/qr-code.png','admin','2024-05-22 18:00:00','admin','2024-05-22 18:00:00',1),(5,1,'Red Nail Polish','The Red Nail Polish offers a rich and glossy red hue for vibrant and polished nails. With a quick-drying formula, it provides a salon-quality finish at home.',2.46,3.91,'Nail Couture','YUIIIP4W','1 year warranty','Ships in 1 week',1,'No return policy',46,'9','https://cdn.dummyjson.com/products/images/beauty/Red%20Nail%20Polish/thumbnail.png','3212847902461','https://assets.dummyjson.com/public/qr-code.png','admin','2024-05-22 18:00:00','admin','2024-05-22 18:00:00',1),(6,2,'Calvin Klein CK One','CK One by Calvin Klein is a classic unisex fragrance, known for its fresh and clean scent. It\'s a versatile fragrance suitable for everyday wear.',0.32,4.85,'Calvin Klein','DZM2JQZE','5 year warranty','Ships overnight',1,'No return policy',20,'5',NULL,'2210136215089','https://assets.dummyjson.com/public/qr-code.png','admin','2024-05-22 18:00:00','admin','2024-05-22 18:00:00',1),(7,2,'Chanel Coco Noir Eau De','Coco Noir by Chanel is an elegant and mysterious fragrance, featuring notes of grapefruit, rose, and sandalwood. Perfect for evening occasions.',18.64,2.76,'Chanel','K71HBCGS','1 week warranty','Ships in 1 month',1,'60 days return policy',5,'4','https://cdn.dummyjson.com/products/images/fragrances/Chanel%20Coco%20Noir%20Eau%20De/thumbnail.png','1435582999795','https://assets.dummyjson.com/public/qr-code.png','admin','2024-05-22 18:00:00','admin','2024-05-22 18:00:00',1),(8,2,'Dior J\'adore','J\'adore by Dior is a luxurious and floral fragrance, known for its blend of ylang-ylang, rose, and jasmine. It embodies femininity and sophistication.',17.44,3.31,'Dior','E70NB03B','Lifetime warranty','Ships in 2 weeks',1,'7 days return policy',8,'10','https://cdn.dummyjson.com/products/images/fragrances/Dior%20J\'adore/thumbnail.png','0887083199279','https://assets.dummyjson.com/public/qr-code.png','admin','2024-05-22 18:00:00','admin','2024-05-22 18:00:00',1),(9,2,'Dolce Shine Eau de','Dolce Shine by Dolce & Gabbana is a vibrant and fruity fragrance, featuring notes of mango, jasmine, and blonde woods. It\'s a joyful and youthful scent.',11.47,2.68,'Dolce & Gabbana','1NBFK980','5 year warranty','Ships in 1-2 business days',2,'30 days return policy',9,'5','https://cdn.dummyjson.com/products/images/fragrances/Dolce%20Shine%20Eau%20de/thumbnail.png','1939383392674','https://assets.dummyjson.com/public/qr-code.png','admin','2024-05-22 18:00:00','admin','2024-05-22 18:00:00',1),(10,2,'Gucci Bloom Eau de','Gucci Bloom by Gucci is a floral and captivating fragrance, with notes of tuberose, jasmine, and Rangoon creeper. It\'s a modern and romantic scent.',8.90,2.69,'Gucci','FFKZ6HOF','No warranty','Ships in 2 weeks',1,'No return policy',10,'10','https://cdn.dummyjson.com/products/images/fragrances/Gucci%20Bloom%20Eau%20de/thumbnail.png','8232190382069','https://assets.dummyjson.com/public/qr-code.png','admin','2024-05-22 18:00:00','admin','2024-05-22 18:00:00',1),(11,3,'Annibale Colombo Bed','The Annibale Colombo Bed is a luxurious and elegant bed frame, crafted with high-quality materials for a comfortable and stylish bedroom.',0.29,4.14,'Annibale Colombo','4KMDTZWF','2 year warranty','Ships overnight',1,'7 days return policy',1,'3','https://cdn.dummyjson.com/products/images/furniture/Annibale%20Colombo%20Bed/thumbnail.png','7113807059215','https://assets.dummyjson.com/public/qr-code.png','admin','2024-05-22 18:00:00','admin','2024-05-22 18:00:00',1),(12,3,'Annibale Colombo Sofa','The Annibale Colombo Sofa is a sophisticated and comfortable seating option, featuring exquisite design and premium upholstery for your living room.',18.54,3.08,'Annibale Colombo','LUU95CQP','1 month warranty','Ships overnight',1,'7 days return policy',1,'3','https://cdn.dummyjson.com/products/images/furniture/Annibale%20Colombo%20Sofa/thumbnail.png','0426785817074','https://assets.dummyjson.com/public/qr-code.png','admin','2024-05-22 18:00:00','admin','2024-05-22 18:00:00',1),(13,3,'Bedside Table African Cherry','The Bedside Table in African Cherry is a stylish and functional addition to your bedroom, providing convenient storage space and a touch of elegance.',9.58,4.48,'Furniture Co.','OWPLTZYX','6 months warranty','Ships in 1-2 business days',1,'No return policy',5,'10','https://cdn.dummyjson.com/products/images/furniture/Bedside%20Table%20African%20Cherry/thumbnail.png','2913244159666','https://assets.dummyjson.com/public/qr-code.png','admin','2024-05-22 18:00:00','admin','2024-05-22 18:00:00',1),(14,3,'Knoll Saarinen Executive Conference Chair','The Knoll Saarinen Executive Conference Chair is a modern and ergonomic chair, perfect for your office or conference room with its timeless design.',15.23,4.11,'Knoll','RKHVJ4FE','Lifetime warranty','Ships in 3-5 business days',1,'30 days return policy',5,'3','https://cdn.dummyjson.com/products/images/furniture/Knoll%20Saarinen%20Executive%20Conference%20Chair/thumbnail.png','0726316339746','https://assets.dummyjson.com/public/qr-code.png','admin','2024-05-22 18:00:00','admin','2024-05-22 18:00:00',1),(15,3,'Wooden Bathroom Sink With Mirror','The Wooden Bathroom Sink with Mirror is a unique and stylish addition to your bathroom, featuring a wooden sink countertop and a matching mirror.',11.22,3.26,'Bath Trends','7OLTIEVO','6 months warranty','Ships in 3-5 business days',1,'7 days return policy',1,'6','https://cdn.dummyjson.com/products/images/furniture/Wooden%20Bathroom%20Sink%20With%20Mirror/thumbnail.png','7839797529453','https://assets.dummyjson.com/public/qr-code.png','admin','2024-05-22 18:00:00','admin','2024-05-22 18:00:00',1),(16,4,'Apple','Fresh and crisp apples, perfect for snacking or incorporating into various recipes.',1.97,2.96,NULL,'QTROUV79','2 year warranty','Ships in 2 weeks',1,'60 days return policy',44,'8','https://cdn.dummyjson.com/products/images/groceries/Apple/thumbnail.png','2517819903837','https://assets.dummyjson.com/public/qr-code.png','admin','2024-05-22 18:00:00','admin','2024-05-22 18:00:00',1),(17,4,'Beef Steak','High-quality beef steak, great for grilling or cooking to your preferred level of doneness.',17.99,2.83,NULL,'BWWA2MSO','1 month warranty','Ships overnight',1,'90 days return policy',21,'9','https://cdn.dummyjson.com/products/images/groceries/Beef%20Steak/thumbnail.png','8335515097879','https://assets.dummyjson.com/public/qr-code.png','admin','2024-05-22 18:00:00','admin','2024-05-22 18:00:00',1),(18,4,'Cat Food','Nutritious cat food formulated to meet the dietary needs of your feline friend.',9.57,2.88,NULL,'C3F8QN6O','3 months warranty','Ships in 1-2 business days',1,'7 days return policy',48,'9','https://cdn.dummyjson.com/products/images/groceries/Cat%20Food/thumbnail.png','5503491330693','https://assets.dummyjson.com/public/qr-code.png','admin','2024-05-22 18:00:00','admin','2024-05-22 18:00:00',1),(19,4,'Chicken Meat','Fresh and tender chicken meat, suitable for various culinary preparations.',10.46,4.61,NULL,'G5YEHW7B','Lifetime warranty','Ships in 1 month',1,'7 days return policy',46,'7','https://cdn.dummyjson.com/products/images/groceries/Chicken%20Meat/thumbnail.png','0966223559510','https://assets.dummyjson.com/public/qr-code.png','admin','2024-05-22 18:00:00','admin','2024-05-22 18:00:00',1),(20,4,'Cooking Oil','Versatile cooking oil suitable for frying, sauting, and various culinary applications.',18.89,4.01,NULL,'Q6ZP1UY8','Lifetime warranty','Ships in 1 month',1,'60 days return policy',2,'8','https://cdn.dummyjson.com/products/images/groceries/Cooking%20Oil/thumbnail.png','6707669443381','https://assets.dummyjson.com/public/qr-code.png','admin','2024-05-22 18:00:00','admin','2024-05-22 18:00:00',1),(21,4,'Cucumber','Crisp and hydrating cucumbers, ideal for salads, snacks, or as a refreshing side.',11.44,4.71,NULL,'6KGF2K6Z','5 year warranty','Ships overnight',1,'30 days return policy',7,'9','https://cdn.dummyjson.com/products/images/groceries/Cucumber/thumbnail.png','2597004869708','https://assets.dummyjson.com/public/qr-code.png','admin','2024-05-22 18:00:00','admin','2024-05-22 18:00:00',1),(22,4,'Dog Food','Specially formulated dog food designed to provide essential nutrients for your canine companion.',18.15,2.74,NULL,'A6QRCH37','1 year warranty','Ships in 1 month',1,'90 days return policy',29,'2','https://cdn.dummyjson.com/products/images/groceries/Dog%20Food/thumbnail.png','7957222289508','https://assets.dummyjson.com/public/qr-code.png','admin','2024-05-22 18:00:00','admin','2024-05-22 18:00:00',1),(23,4,'Eggs','Fresh eggs, a versatile ingredient for baking, cooking, or breakfast.',5.80,4.46,NULL,'YA617RI7','3 year warranty','Ships overnight',1,'30 days return policy',43,'4','https://cdn.dummyjson.com/products/images/groceries/Eggs/thumbnail.png','7095702028776','https://assets.dummyjson.com/public/qr-code.png','admin','2024-05-22 18:00:00','admin','2024-05-22 18:00:00',1),(24,4,'Fish Steak','Quality fish steak, suitable for grilling, baking, or pan-searing.',7.00,4.83,NULL,'XNIH1MTA','1 year warranty','Ships in 1 month',1,'30 days return policy',49,'8','https://cdn.dummyjson.com/products/images/groceries/Fish%20Steak/thumbnail.png','4250692197342','https://assets.dummyjson.com/public/qr-code.png','admin','2024-05-22 18:00:00','admin','2024-05-22 18:00:00',1),(25,4,'Green Bell Pepper','Fresh and vibrant green bell pepper, perfect for adding color and flavor to your dishes.',15.50,4.28,NULL,'HU7S7VQ0','5 year warranty','Ships overnight',1,'30 days return policy',1,'7','https://cdn.dummyjson.com/products/images/groceries/Green%20Bell%20Pepper/thumbnail.png','7583442707568','https://assets.dummyjson.com/public/qr-code.png','admin','2024-05-22 18:00:00','admin','2024-05-22 18:00:00',1),(26,4,'Green Chili Pepper','Spicy green chili pepper, ideal for adding heat to your favorite recipes.',18.51,4.43,NULL,'Y4RM3JCB','No warranty','Ships in 1-2 business days',1,'30 days return policy',43,'2','https://cdn.dummyjson.com/products/images/groceries/Green%20Chili%20Pepper/thumbnail.png','8400326844874','https://assets.dummyjson.com/public/qr-code.png','admin','2024-05-22 18:00:00','admin','2024-05-22 18:00:00',1),(27,4,'Honey Jar','Pure and natural honey in a convenient jar, perfect for sweetening beverages or drizzling over food.',1.91,3.50,NULL,'BTBNIIOU','2 year warranty','Ships overnight',1,'90 days return policy',1,'9','https://cdn.dummyjson.com/products/images/groceries/Honey%20Jar/thumbnail.png','0668665656044','https://assets.dummyjson.com/public/qr-code.png','admin','2024-05-22 18:00:00','admin','2024-05-22 18:00:00',1),(28,4,'Ice Cream','Creamy and delicious ice cream, available in various flavors for a delightful treat.',7.58,3.77,NULL,'VEZMU1EQ','2 year warranty','Ships in 2 weeks',1,'No return policy',19,'5','https://cdn.dummyjson.com/products/images/groceries/Ice%20Cream/thumbnail.png','9603960319256','https://assets.dummyjson.com/public/qr-code.png','admin','2024-05-22 18:00:00','admin','2024-05-22 18:00:00',1),(29,4,'Juice','Refreshing fruit juice, packed with vitamins and great for staying hydrated.',5.45,3.41,NULL,'M2K19S06','1 week warranty','Ships in 1-2 business days',1,'90 days return policy',26,'2','https://cdn.dummyjson.com/products/images/groceries/Juice/thumbnail.png','8546824122355','https://assets.dummyjson.com/public/qr-code.png','admin','2024-05-22 18:00:00','admin','2024-05-22 18:00:00',1),(30,4,'Kiwi','Nutrient-rich kiwi, perfect for snacking or adding a tropical twist to your dishes.',10.32,4.37,NULL,'0X3NORB9','6 months warranty','Ships in 3-5 business days',2,'7 days return policy',8,'8','https://cdn.dummyjson.com/products/images/groceries/Kiwi/thumbnail.png','3325493172934','https://assets.dummyjson.com/public/qr-code.png','admin','2024-05-22 18:00:00','admin','2024-05-22 18:00:00',1),(31,4,'Lemon','Zesty and tangy lemons, versatile for cooking, baking, or making refreshing beverages.',17.81,4.25,NULL,'J074TE3H','3 year warranty','Ships in 1 week',0,'90 days return policy',1,'10','https://cdn.dummyjson.com/products/images/groceries/Lemon/thumbnail.png','6364178053480','https://assets.dummyjson.com/public/qr-code.png','admin','2024-05-22 18:00:00','admin','2024-05-22 18:00:00',1),(32,4,'Milk','Fresh and nutritious milk, a staple for various recipes and daily consumption.',15.09,3.14,NULL,'VOZKMF40','6 months warranty','Ships in 1 month',1,'7 days return policy',41,'1','https://cdn.dummyjson.com/products/images/groceries/Milk/thumbnail.png','6340035595037','https://assets.dummyjson.com/public/qr-code.png','admin','2024-05-22 18:00:00','admin','2024-05-22 18:00:00',1),(33,4,'Mulberry','Sweet and juicy mulberries, perfect for snacking or adding to desserts and cereals.',16.35,3.19,NULL,'0M1K7RRC','3 months warranty','Ships in 1 month',1,'60 days return policy',50,'4','https://cdn.dummyjson.com/products/images/groceries/Mulberry/thumbnail.png','3327790147313','https://assets.dummyjson.com/public/qr-code.png','admin','2024-05-22 18:00:00','admin','2024-05-22 18:00:00',1),(34,4,'Nescafe Coffee','Quality coffee from Nescafe, available in various blends for a rich and satisfying cup.',11.65,2.54,NULL,'FP5H3065','No warranty','Ships in 3-5 business days',1,'30 days return policy',8,'9','https://cdn.dummyjson.com/products/images/groceries/Nescafe%20Coffee/thumbnail.png','8923332839320','https://assets.dummyjson.com/public/qr-code.png','admin','2024-05-22 18:00:00','admin','2024-05-22 18:00:00',1),(35,4,'Potatoes','Versatile and starchy potatoes, great for roasting, mashing, or as a side dish.',4.05,3.82,NULL,'W4NOBW45','5 year warranty','Ships in 1-2 business days',1,'7 days return policy',29,'9','https://cdn.dummyjson.com/products/images/groceries/Potatoes/thumbnail.png','1374727655057','https://assets.dummyjson.com/public/qr-code.png','admin','2024-05-22 18:00:00','admin','2024-05-22 18:00:00',1),(36,4,'Protein Powder','Nutrient-packed protein powder, ideal for supplementing your diet with essential proteins.',1.58,3.91,NULL,'BT2QOWKZ','1 year warranty','Ships in 1-2 business days',1,'No return policy',39,'2','https://cdn.dummyjson.com/products/images/groceries/Protein%20Powder/thumbnail.png','2858973742684','https://assets.dummyjson.com/public/qr-code.png','admin','2024-05-22 18:00:00','admin','2024-05-22 18:00:00',1),(37,4,'Red Onions','Flavorful and aromatic red onions, perfect for adding depth to your savory dishes.',17.89,4.08,NULL,'TAF870KJ','Lifetime warranty','Ships in 2 weeks',1,'60 days return policy',40,'2','https://cdn.dummyjson.com/products/images/groceries/Red%20Onions/thumbnail.png','5439836346472','https://assets.dummyjson.com/public/qr-code.png','admin','2024-05-22 18:00:00','admin','2024-05-22 18:00:00',1),(38,4,'Rice','High-quality rice, a staple for various cuisines and a versatile base for many dishes.',12.02,3.94,NULL,'905JXMXM','2 year warranty','Ships in 1 month',1,'60 days return policy',18,'1','https://cdn.dummyjson.com/products/images/groceries/Rice/thumbnail.png','0027455825200','https://assets.dummyjson.com/public/qr-code.png','admin','2024-05-22 18:00:00','admin','2024-05-22 18:00:00',1),(39,4,'Soft Drinks','Assorted soft drinks in various flavors, perfect for refreshing beverages.',1.88,4.59,NULL,'I1ZNSLXJ','1 year warranty','Ships in 3-5 business days',1,'90 days return policy',41,'9','https://cdn.dummyjson.com/products/images/groceries/Soft%20Drinks/thumbnail.png','3523564932164','https://assets.dummyjson.com/public/qr-code.png','admin','2024-05-22 18:00:00','admin','2024-05-22 18:00:00',1),(40,4,'Strawberry','Sweet and succulent strawberries, great for snacking, desserts, or blending into smoothies.',19.59,4.50,NULL,'LPP7I4JZ','1 year warranty','Ships in 1 week',1,'30 days return policy',38,'4','https://cdn.dummyjson.com/products/images/groceries/Strawberry/thumbnail.png','7936749779940','https://assets.dummyjson.com/public/qr-code.png','admin','2024-05-22 18:00:00','admin','2024-05-22 18:00:00',1),(41,4,'Tissue Paper Box','Convenient tissue paper box for everyday use, providing soft and absorbent tissues.',15.44,4.55,NULL,'IQEZWXMJ','6 months warranty','Ships in 1 month',1,'No return policy',1,'3','https://cdn.dummyjson.com/products/images/groceries/Tissue%20Paper%20Box/thumbnail.png','0639828085202','https://assets.dummyjson.com/public/qr-code.png','admin','2024-05-22 18:00:00','admin','2024-05-22 18:00:00',1),(42,4,'Water','Pure and refreshing bottled water, essential for staying hydrated throughout the day.',13.71,2.93,NULL,'LZG5PPHA','No warranty','Ships in 1 week',1,'7 days return policy',46,'2','https://cdn.dummyjson.com/products/images/groceries/Water/thumbnail.png','7625896901250','https://assets.dummyjson.com/public/qr-code.png','admin','2024-05-22 18:00:00','admin','2024-05-22 18:00:00',1),(43,5,'Decoration Swing','The Decoration Swing is a charming addition to your home decor. Crafted with intricate details, it adds a touch of elegance and whimsy to any room.',0.65,3.56,NULL,'MBEK52ST','Lifetime warranty','Ships in 2 weeks',1,'30 days return policy',2,'8','https://cdn.dummyjson.com/products/images/home-decoration/Decoration%20Swing/thumbnail.png','6434699988216','https://assets.dummyjson.com/public/qr-code.png','admin','2024-05-22 18:00:00','admin','2024-05-22 18:00:00',1),(44,5,'Family Tree Photo Frame','The Family Tree Photo Frame is a sentimental and stylish way to display your cherished family memories. With multiple photo slots, it tells the story of your loved ones.',1.53,3.84,NULL,'EZOJC792','6 months warranty','Ships in 1 month',1,'90 days return policy',16,'4','https://cdn.dummyjson.com/products/images/home-decoration/Family%20Tree%20Photo%20Frame/thumbnail.png','9462569143093','https://assets.dummyjson.com/public/qr-code.png','admin','2024-05-22 18:00:00','admin','2024-05-22 18:00:00',1),(45,5,'House Showpiece Plant','The House Showpiece Plant is an artificial plant that brings a touch of nature to your home without the need for maintenance. It adds greenery and style to any space.',19.45,3.61,NULL,'LLNHNIFU','5 year warranty','Ships in 1 week',1,'7 days return policy',7,'9','https://cdn.dummyjson.com/products/images/home-decoration/House%20Showpiece%20Plant/thumbnail.png','1895440764997','https://assets.dummyjson.com/public/qr-code.png','admin','2024-05-22 18:00:00','admin','2024-05-22 18:00:00',1),(46,5,'Plant Pot','The Plant Pot is a stylish container for your favorite plants. With a sleek design, it complements your indoor or outdoor garden, adding a modern touch to your plant display.',0.19,3.33,NULL,'M8IWE8MF','2 year warranty','Ships in 1-2 business days',1,'90 days return policy',44,'8','https://cdn.dummyjson.com/products/images/home-decoration/Plant%20Pot/thumbnail.png','4265754153251','https://assets.dummyjson.com/public/qr-code.png','admin','2024-05-22 18:00:00','admin','2024-05-22 18:00:00',1),(47,5,'Table Lamp','The Table Lamp is a functional and decorative lighting solution for your living space. With a modern design, it provides both ambient and task lighting, enhancing the atmosphere.',0.59,4.56,NULL,'0K9UDIUB','1 year warranty','Ships in 2 weeks',1,'30 days return policy',10,'2','https://cdn.dummyjson.com/products/images/home-decoration/Table%20Lamp/thumbnail.png','7764806947768','https://assets.dummyjson.com/public/qr-code.png','admin','2024-05-22 18:00:00','admin','2024-05-22 18:00:00',1),(48,6,'Bamboo Spatula','The Bamboo Spatula is a versatile kitchen tool made from eco-friendly bamboo. Ideal for flipping, stirring, and serving various dishes.',4.85,4.40,NULL,'MYIWU1I6','1 year warranty','Ships in 1 month',0,'7 days return policy',26,'4','https://cdn.dummyjson.com/products/images/kitchen-accessories/Bamboo%20Spatula/thumbnail.png','4736572105219','https://assets.dummyjson.com/public/qr-code.png','admin','2024-05-22 18:00:00','admin','2024-05-22 18:00:00',1),(49,6,'Black Aluminium Cup','The Black Aluminium Cup is a stylish and durable cup suitable for both hot and cold beverages. Its sleek black design adds a modern touch to your drinkware collection.',9.22,3.62,NULL,'1CSCC3UH','Lifetime warranty','Ships in 1 week',1,'7 days return policy',5,'8','https://cdn.dummyjson.com/products/images/kitchen-accessories/Black%20Aluminium%20Cup/thumbnail.png','9830484636197','https://assets.dummyjson.com/public/qr-code.png','admin','2024-05-22 18:00:00','admin','2024-05-22 18:00:00',1),(50,6,'Black Whisk','The Black Whisk is a kitchen essential for whisking and beating ingredients. Its ergonomic handle and sleek design make it a practical and stylish tool.',16.87,2.88,NULL,'0TDFNB1Q','5 year warranty','Ships in 3-5 business days',1,'30 days return policy',30,'6','https://cdn.dummyjson.com/products/images/kitchen-accessories/Black%20Whisk/thumbnail.png','6349276911476','https://assets.dummyjson.com/public/qr-code.png','admin','2024-05-22 18:00:00','admin','2024-05-22 18:00:00',1),(51,6,'Boxed Blender','The Boxed Blender is a powerful and compact blender perfect for smoothies, shakes, and more. Its convenient design and multiple functions make it a versatile kitchen appliance.',7.36,2.73,NULL,'6HG6U3Q9','3 months warranty','Ships in 2 weeks',1,'30 days return policy',18,'10','https://cdn.dummyjson.com/products/images/kitchen-accessories/Boxed%20Blender/thumbnail.png','3795471854572','https://assets.dummyjson.com/public/qr-code.png','admin','2024-05-22 18:00:00','admin','2024-05-22 18:00:00',1),(52,6,'Carbon Steel Wok','The Carbon Steel Wok is a versatile cooking pan suitable for stir-frying, sauting, and deep frying. Its sturdy construction ensures even heat distribution for delicious meals.',5.89,2.94,NULL,'OOE6KF9I','2 year warranty','Ships in 1 month',2,'30 days return policy',16,'4','https://cdn.dummyjson.com/products/images/kitchen-accessories/Carbon%20Steel%20Wok/thumbnail.png','9814335139552','https://assets.dummyjson.com/public/qr-code.png','admin','2024-05-22 18:00:00','admin','2024-05-22 18:00:00',1),(53,6,'Chopping Board','The Chopping Board is an essential kitchen accessory for food preparation. Made from durable material, it provides a safe and hygienic surface for cutting and chopping.',17.72,4.82,NULL,'B7MZ3JGK','Lifetime warranty','Ships in 1-2 business days',1,'90 days return policy',9,'3','https://cdn.dummyjson.com/products/images/kitchen-accessories/Chopping%20Board/thumbnail.png','1812405979802','https://assets.dummyjson.com/public/qr-code.png','admin','2024-05-22 18:00:00','admin','2024-05-22 18:00:00',1),(54,6,'Citrus Squeezer Yellow','The Citrus Squeezer in Yellow is a handy tool for extracting juice from citrus fruits. Its vibrant color adds a cheerful touch to your kitchen gadgets.',12.35,4.18,NULL,'PIUKVEZ4','3 year warranty','Ships overnight',1,'No return policy',12,'9','https://cdn.dummyjson.com/products/images/kitchen-accessories/Citrus%20Squeezer%20Yellow/thumbnail.png','2499527422857','https://assets.dummyjson.com/public/qr-code.png','admin','2024-05-22 18:00:00','admin','2024-05-22 18:00:00',1),(55,6,'Egg Slicer','The Egg Slicer is a convenient tool for slicing boiled eggs evenly. It\'s perfect for salads, sandwiches, and other dishes where sliced eggs are desired.',9.60,2.91,NULL,'WG4L41YK','5 year warranty','Ships in 1 week',1,'60 days return policy',23,'5','https://cdn.dummyjson.com/products/images/kitchen-accessories/Egg%20Slicer/thumbnail.png','1537527680664','https://assets.dummyjson.com/public/qr-code.png','admin','2024-05-22 18:00:00','admin','2024-05-22 18:00:00',1),(56,6,'Electric Stove','The Electric Stove provides a portable and efficient cooking solution. Ideal for small kitchens or as an additional cooking surface for various culinary needs.',16.64,4.84,NULL,'D88AMROJ','6 months warranty','Ships in 2 weeks',1,'No return policy',8,'9','https://cdn.dummyjson.com/products/images/kitchen-accessories/Electric%20Stove/thumbnail.png','9184442726039','https://assets.dummyjson.com/public/qr-code.png','admin','2024-05-22 18:00:00','admin','2024-05-22 18:00:00',1),(57,6,'Fine Mesh Strainer','The Fine Mesh Strainer is a versatile tool for straining liquids and sifting dry ingredients. Its fine mesh ensures efficient filtering for smooth cooking and baking.',2.56,3.70,NULL,'4XB2EHHJ','1 week warranty','Ships in 2 weeks',1,'90 days return policy',32,'6','https://cdn.dummyjson.com/products/images/kitchen-accessories/Fine%20Mesh%20Strainer/thumbnail.png','0913686095458','https://assets.dummyjson.com/public/qr-code.png','admin','2024-05-22 18:00:00','admin','2024-05-22 18:00:00',1),(58,6,'Fork','The Fork is a classic utensil for various dining and serving purposes. Its durable and ergonomic design makes it a reliable choice for everyday use.',14.36,4.18,NULL,'5XHGD6PF','1 month warranty','Ships in 1-2 business days',1,'30 days return policy',10,'6','https://cdn.dummyjson.com/products/images/kitchen-accessories/Fork/thumbnail.png','8403472856763','https://assets.dummyjson.com/public/qr-code.png','admin','2024-05-22 18:00:00','admin','2024-05-22 18:00:00',1),(59,6,'Glass','The Glass is a versatile and elegant drinking vessel suitable for a variety of beverages. Its clear design allows you to enjoy the colors and textures of your drinks.',7.38,3.06,NULL,'2RO2KDHM','3 year warranty','Ships in 2 weeks',1,'7 days return policy',25,'5','https://cdn.dummyjson.com/products/images/kitchen-accessories/Glass/thumbnail.png','1717131152077','https://assets.dummyjson.com/public/qr-code.png','admin','2024-05-22 18:00:00','admin','2024-05-22 18:00:00',1),(60,6,'Grater Black','The Grater in Black is a handy kitchen tool for grating cheese, vegetables, and more. Its sleek design and sharp blades make food preparation efficient and easy.',3.29,2.87,NULL,'UBA8CV8A','3 year warranty','Ships in 1 month',1,'30 days return policy',22,'3','https://cdn.dummyjson.com/products/images/kitchen-accessories/Grater%20Black/thumbnail.png','3884864069212','https://assets.dummyjson.com/public/qr-code.png','admin','2024-05-22 18:00:00','admin','2024-05-22 18:00:00',1),(61,6,'Hand Blender','The Hand Blender is a versatile kitchen appliance for blending, pureeing, and mixing. Its compact design and powerful motor make it a convenient tool for various recipes.',6.44,3.71,NULL,'JZNXDL37','1 year warranty','Ships in 1 week',1,'7 days return policy',7,'4','https://cdn.dummyjson.com/products/images/kitchen-accessories/Hand%20Blender/thumbnail.png','0910668863747','https://assets.dummyjson.com/public/qr-code.png','admin','2024-05-22 18:00:00','admin','2024-05-22 18:00:00',1),(62,6,'Ice Cube Tray','The Ice Cube Tray is a practical accessory for making ice cubes in various shapes. Perfect for keeping your drinks cool and adding a fun element to your beverages.',0.95,3.27,NULL,'K0UE7U34','No warranty','Ships in 1 month',1,'30 days return policy',11,'8','https://cdn.dummyjson.com/products/images/kitchen-accessories/Ice%20Cube%20Tray/thumbnail.png','7685066283284','https://assets.dummyjson.com/public/qr-code.png','admin','2024-05-22 18:00:00','admin','2024-05-22 18:00:00',1),(63,6,'Kitchen Sieve','The Kitchen Sieve is a versatile tool for sifting and straining dry and wet ingredients. Its fine mesh design ensures smooth results in your cooking and baking.',9.23,2.96,NULL,'4U0L9HB6','1 week warranty','Ships in 1-2 business days',1,'7 days return policy',1,'5','https://cdn.dummyjson.com/products/images/kitchen-accessories/Kitchen%20Sieve/thumbnail.png','4674610806136','https://assets.dummyjson.com/public/qr-code.png','admin','2024-05-22 18:00:00','admin','2024-05-22 18:00:00',1),(64,6,'Knife','The Knife is an essential kitchen tool for chopping, slicing, and dicing. Its sharp blade and ergonomic handle make it a reliable choice for food preparation.',19.95,4.31,NULL,'NHTTZ30W','1 year warranty','Ships in 1 month',1,'7 days return policy',47,'7','https://cdn.dummyjson.com/products/images/kitchen-accessories/Knife/thumbnail.png','8987152038596','https://assets.dummyjson.com/public/qr-code.png','admin','2024-05-22 18:00:00','admin','2024-05-22 18:00:00',1),(65,6,'Lunch Box','The Lunch Box is a convenient and portable container for packing and carrying your meals. With compartments for different foods, it\'s perfect for on-the-go dining.',15.33,2.84,NULL,'T4T5IDXP','3 year warranty','Ships in 1 month',1,'7 days return policy',49,'1','https://cdn.dummyjson.com/products/images/kitchen-accessories/Lunch%20Box/thumbnail.png','6294012902550','https://assets.dummyjson.com/public/qr-code.png','admin','2024-05-22 18:00:00','admin','2024-05-22 18:00:00',1),(66,6,'Microwave Oven','The Microwave Oven is a versatile kitchen appliance for quick and efficient cooking, reheating, and defrosting. Its compact size makes it suitable for various kitchen setups.',18.73,2.71,NULL,'7CERPRRE','6 months warranty','Ships in 1 month',1,'90 days return policy',8,'8','https://cdn.dummyjson.com/products/images/kitchen-accessories/Microwave%20Oven/thumbnail.png','4567190151518','https://assets.dummyjson.com/public/qr-code.png','admin','2024-05-22 18:00:00','admin','2024-05-22 18:00:00',1),(67,6,'Mug Tree Stand','The Mug Tree Stand is a stylish and space-saving solution for organizing your mugs. Keep your favorite mugs easily accessible and neatly displayed in your kitchen.',15.21,4.34,NULL,'T4EBCVSS','1 week warranty','Ships in 3-5 business days',1,'30 days return policy',36,'7','https://cdn.dummyjson.com/products/images/kitchen-accessories/Mug%20Tree%20Stand/thumbnail.png','2099756104307','https://assets.dummyjson.com/public/qr-code.png','admin','2024-05-22 18:00:00','admin','2024-05-22 18:00:00',1),(68,6,'Pan','The Pan is a versatile and essential cookware item for frying, sauting, and cooking various dishes. Its non-stick coating ensures easy food release and cleanup.',6.55,3.40,NULL,'3E1WZOKX','3 months warranty','Ships overnight',1,'No return policy',8,'7','https://cdn.dummyjson.com/products/images/kitchen-accessories/Pan/thumbnail.png','8562045288370','https://assets.dummyjson.com/public/qr-code.png','admin','2024-05-22 18:00:00','admin','2024-05-22 18:00:00',1),(69,6,'Plate','The Plate is a classic and essential dishware item for serving meals. Its durable and stylish design makes it suitable for everyday use or special occasions.',13.03,3.07,NULL,'S8T5CGBD','1 year warranty','Ships overnight',1,'7 days return policy',2,'8','https://cdn.dummyjson.com/products/images/kitchen-accessories/Plate/thumbnail.png','5500686082076','https://assets.dummyjson.com/public/qr-code.png','admin','2024-05-22 18:00:00','admin','2024-05-22 18:00:00',1),(70,6,'Red Tongs','The Red Tongs are versatile kitchen tongs suitable for various cooking and serving tasks. Their vibrant color adds a pop of excitement to your kitchen utensils.',18.24,3.22,NULL,'BTNVE4CT','1 month warranty','Ships in 3-5 business days',1,'90 days return policy',27,'3','https://cdn.dummyjson.com/products/images/kitchen-accessories/Red%20Tongs/thumbnail.png','5757998756907','https://assets.dummyjson.com/public/qr-code.png','admin','2024-05-22 18:00:00','admin','2024-05-22 18:00:00',1),(71,6,'Silver Pot With Glass Cap','The Silver Pot with Glass Cap is a stylish and functional cookware item for boiling, simmering, and preparing delicious meals. Its glass cap allows you to monitor cooking progress.',4.57,3.86,NULL,'BSFNUA3V','Lifetime warranty','Ships in 1 week',1,'7 days return policy',19,'9','https://cdn.dummyjson.com/products/images/kitchen-accessories/Silver%20Pot%20With%20Glass%20Cap/thumbnail.png','6630860592730','https://assets.dummyjson.com/public/qr-code.png','admin','2024-05-22 18:00:00','admin','2024-05-22 18:00:00',1),(72,6,'Slotted Turner','The Slotted Turner is a kitchen utensil designed for flipping and turning food items. Its slotted design allows excess liquid to drain, making it ideal for frying and sauting.',7.24,3.77,NULL,'HCKJ62ZJ','Lifetime warranty','Ships in 2 weeks',1,'No return policy',11,'4','https://cdn.dummyjson.com/products/images/kitchen-accessories/Slotted%20Turner/thumbnail.png','4553081799999','https://assets.dummyjson.com/public/qr-code.png','admin','2024-05-22 18:00:00','admin','2024-05-22 18:00:00',1),(73,6,'Spice Rack','The Spice Rack is a convenient organizer for your spices and seasonings. Keep your kitchen essentials within reach and neatly arranged with this stylish spice rack.',13.78,4.05,NULL,'WFKJQQRD','Lifetime warranty','Ships in 1 month',1,'No return policy',15,'8','https://cdn.dummyjson.com/products/images/kitchen-accessories/Spice%20Rack/thumbnail.png','9714959799802','https://assets.dummyjson.com/public/qr-code.png','admin','2024-05-22 18:00:00','admin','2024-05-22 18:00:00',1),(74,6,'Spoon','The Spoon is a versatile kitchen utensil for stirring, serving, and tasting. Its ergonomic design and durable construction make it an essential tool for every kitchen.',0.93,3.98,NULL,'PPBAZ4TS','3 year warranty','Ships overnight',1,'90 days return policy',40,'9','https://cdn.dummyjson.com/products/images/kitchen-accessories/Spoon/thumbnail.png','9577845433830','https://assets.dummyjson.com/public/qr-code.png','admin','2024-05-22 18:00:00','admin','2024-05-22 18:00:00',1),(75,6,'Tray','The Tray is a functional and decorative item for serving snacks, appetizers, or drinks. Its stylish design makes it a versatile accessory for entertaining guests.',9.93,3.20,NULL,'PCU0I0A1','5 year warranty','Ships in 2 weeks',1,'90 days return policy',10,'8','https://cdn.dummyjson.com/products/images/kitchen-accessories/Tray/thumbnail.png','8480335361590','https://assets.dummyjson.com/public/qr-code.png','admin','2024-05-22 18:00:00','admin','2024-05-22 18:00:00',1),(76,6,'Wooden Rolling Pin','The Wooden Rolling Pin is a classic kitchen tool for rolling out dough for baking. Its smooth surface and sturdy handles make it easy to achieve uniform thickness.',16.94,4.99,NULL,'WHUXD7N8','1 week warranty','Ships overnight',1,'60 days return policy',1,'7','https://cdn.dummyjson.com/products/images/kitchen-accessories/Wooden%20Rolling%20Pin/thumbnail.png','8349683798423','https://assets.dummyjson.com/public/qr-code.png','admin','2024-05-22 18:00:00','admin','2024-05-22 18:00:00',1),(77,6,'Yellow Peeler','The Yellow Peeler is a handy tool for peeling fruits and vegetables with ease. Its bright yellow color adds a cheerful touch to your kitchen gadgets.',17.09,4.41,NULL,'YR9GLZ3I','1 month warranty','Ships in 3-5 business days',1,'30 days return policy',45,'4','https://cdn.dummyjson.com/products/images/kitchen-accessories/Yellow%20Peeler/thumbnail.png','1621510537954','https://assets.dummyjson.com/public/qr-code.png','admin','2024-05-22 18:00:00','admin','2024-05-22 18:00:00',1),(78,7,'Apple MacBook Pro 14 Inch Space Grey','The MacBook Pro 14 Inch in Space Grey is a powerful and sleek laptop, featuring Apple\'s M1 Pro chip for exceptional performance and a stunning Retina display.',9.25,3.13,'Apple','QDKO6NRJ','1 month warranty','Ships in 1 week',1,'30 days return policy',1,'4','https://cdn.dummyjson.com/products/images/laptops/Apple%20MacBook%20Pro%2014%20Inch%20Space%20Grey/thumbnail.png','3883623063065','https://assets.dummyjson.com/public/qr-code.png','admin','2024-05-22 18:00:00','admin','2024-05-22 18:00:00',1),(79,7,'Asus Zenbook Pro Dual Screen Laptop','The Asus Zenbook Pro Dual Screen Laptop is a high-performance device with dual screens, providing productivity and versatility for creative professionals.',9.21,3.14,'Asus','4A9KFMBG','No warranty','Ships in 3-5 business days',1,'No return policy',1,'8','https://cdn.dummyjson.com/products/images/laptops/Asus%20Zenbook%20Pro%20Dual%20Screen%20Laptop/thumbnail.png','2899455033799','https://assets.dummyjson.com/public/qr-code.png','admin','2024-05-22 18:00:00','admin','2024-05-22 18:00:00',1),(80,7,'Huawei Matebook X Pro','The Huawei Matebook X Pro is a slim and stylish laptop with a high-resolution touchscreen display, offering a premium experience for users on the go.',15.25,4.62,'Huawei','U2CBNNB0','2 year warranty','Ships in 2 weeks',1,'60 days return policy',1,'9','https://cdn.dummyjson.com/products/images/laptops/Huawei%20Matebook%20X%20Pro/thumbnail.png','1232723732298','https://assets.dummyjson.com/public/qr-code.png','admin','2024-05-22 18:00:00','admin','2024-05-22 18:00:00',1),(81,7,'Lenovo Yoga 920','The Lenovo Yoga 920 is a 2-in-1 convertible laptop with a flexible hinge, allowing you to use it as a laptop or tablet, offering versatility and portability.',7.77,2.98,'Lenovo','MST9WZQY','Lifetime warranty','Ships in 1 week',1,'No return policy',1,'7','https://cdn.dummyjson.com/products/images/laptops/Lenovo%20Yoga%20920/thumbnail.png','9590995785298','https://assets.dummyjson.com/public/qr-code.png','admin','2024-05-22 18:00:00','admin','2024-05-22 18:00:00',1),(82,7,'New DELL XPS 13 9300 Laptop','The New DELL XPS 13 9300 Laptop is a compact and powerful device, featuring a virtually borderless InfinityEdge display and high-end performance for various tasks.',11.70,2.98,'Dell','XBJJ446X','Lifetime warranty','Ships overnight',1,'7 days return policy',1,'10','https://cdn.dummyjson.com/products/images/laptops/New%20DELL%20XPS%2013%209300%20Laptop/thumbnail.png','0358629687929','https://assets.dummyjson.com/public/qr-code.png','admin','2024-05-22 18:00:00','admin','2024-05-22 18:00:00',1),(83,8,'Blue & Black Check Shirt','The Blue & Black Check Shirt is a stylish and comfortable men\'s shirt featuring a classic check pattern. Made from high-quality fabric, it\'s suitable for both casual and semi-formal occasions.',1.41,4.19,'Fashion Trends','6RJDTVCU','No warranty','Ships in 1 month',1,'7 days return policy',4,'6','https://cdn.dummyjson.com/products/images/mens-shirts/Blue%20&%20Black%20Check%20Shirt/thumbnail.png','8840720880947','https://assets.dummyjson.com/public/qr-code.png','admin','2024-05-22 18:00:00','admin','2024-05-22 18:00:00',1),(84,8,'Gigabyte Aorus Men Tshirt','The Gigabyte Aorus Men Tshirt is a cool and casual shirt for gaming enthusiasts. With the Aorus logo and sleek design, it\'s perfect for expressing your gaming style.',12.60,4.95,'Gigabyte','QA703Y60','1 month warranty','Ships in 1 week',1,'30 days return policy',4,'2','https://cdn.dummyjson.com/products/images/mens-shirts/Gigabyte%20Aorus%20Men%20Tshirt/thumbnail.png','3072645939073','https://assets.dummyjson.com/public/qr-code.png','admin','2024-05-22 18:00:00','admin','2024-05-22 18:00:00',1),(85,8,'Man Plaid Shirt','The Man Plaid Shirt is a timeless and versatile men\'s shirt with a classic plaid pattern. Its comfortable fit and casual style make it a wardrobe essential for various occasions.',17.53,3.66,'Classic Wear','TWL7HRBB','Lifetime warranty','Ships in 1 week',1,'30 days return policy',1,'1','https://cdn.dummyjson.com/products/images/mens-shirts/Man%20Plaid%20Shirt/thumbnail.png','9383795178668','https://assets.dummyjson.com/public/qr-code.png','admin','2024-05-22 18:00:00','admin','2024-05-22 18:00:00',1),(86,8,'Man Short Sleeve Shirt','The Man Short Sleeve Shirt is a breezy and stylish option for warm days. With a comfortable fit and short sleeves, it\'s perfect for a laid-back yet polished look.',8.65,4.62,'Casual Comfort','KEVGVDTV','5 year warranty','Ships in 2 weeks',1,'7 days return policy',1,'2','https://cdn.dummyjson.com/products/images/mens-shirts/Man%20Short%20Sleeve%20Shirt/thumbnail.png','8162805546713','https://assets.dummyjson.com/public/qr-code.png','admin','2024-05-22 18:00:00','admin','2024-05-22 18:00:00',1),(87,8,'Men Check Shirt','The Men Check Shirt is a classic and versatile shirt featuring a stylish check pattern. Suitable for various occasions, it adds a smart and polished touch to your wardrobe.',14.21,2.90,'Urban Chic','L902AU9L','3 year warranty','Ships in 1 month',1,'90 days return policy',8,'1','https://cdn.dummyjson.com/products/images/mens-shirts/Men%20Check%20Shirt/thumbnail.png','1360512025227','https://assets.dummyjson.com/public/qr-code.png','admin','2024-05-22 18:00:00','admin','2024-05-22 18:00:00',1),(88,9,'Nike Air Jordan 1 Red And Black','The Nike Air Jordan 1 in Red and Black is an iconic basketball sneaker known for its stylish design and high-performance features, making it a favorite among sneaker enthusiasts and athletes.',15.82,2.77,'Nike','84YC5J67','1 year warranty','Ships in 1 month',1,'7 days return policy',2,'5','https://cdn.dummyjson.com/products/images/mens-shoes/Nike%20Air%20Jordan%201%20Red%20And%20Black/thumbnail.png','0098559139691','https://assets.dummyjson.com/public/qr-code.png','admin','2024-05-22 18:00:00','admin','2024-05-22 18:00:00',1),(89,9,'Nike Baseball Cleats','Nike Baseball Cleats are designed for maximum traction and performance on the baseball field. They provide stability and support for players during games and practices.',11.40,4.01,'Nike','81LRTRP5','No warranty','Ships overnight',1,'7 days return policy',3,'7','https://cdn.dummyjson.com/products/images/mens-shoes/Nike%20Baseball%20Cleats/thumbnail.png','0517654748946','https://assets.dummyjson.com/public/qr-code.png','admin','2024-05-22 18:00:00','admin','2024-05-22 18:00:00',1),(90,9,'Puma Future Rider Trainers','The Puma Future Rider Trainers offer a blend of retro style and modern comfort. Perfect for casual wear, these trainers provide a fashionable and comfortable option for everyday use.',3.64,4.85,'Puma','64ORN32I','2 year warranty','Ships in 1 month',1,'90 days return policy',9,'8','https://cdn.dummyjson.com/products/images/mens-shoes/Puma%20Future%20Rider%20Trainers/thumbnail.png','3562849555769','https://assets.dummyjson.com/public/qr-code.png','admin','2024-05-22 18:00:00','admin','2024-05-22 18:00:00',1),(91,9,'Sports Sneakers Off White & Red','The Sports Sneakers in Off White and Red combine style and functionality, making them a fashionable choice for sports enthusiasts. The red and off-white color combination adds a bold and energetic touch.',11.69,4.92,'Off White','8SRWW2RM','6 months warranty','Ships overnight',1,'No return policy',5,'3','https://cdn.dummyjson.com/products/images/mens-shoes/Sports%20Sneakers%20Off%20White%20&%20Red/thumbnail.png','3784445385582','https://assets.dummyjson.com/public/qr-code.png','admin','2024-05-22 18:00:00','admin','2024-05-22 18:00:00',1),(92,9,'Sports Sneakers Off White Red','Another variant of the Sports Sneakers in Off White Red, featuring a unique design. These sneakers offer style and comfort for casual occasions.',17.22,2.95,'Off White','1SFJZOT2','No warranty','Ships in 1 week',1,'No return policy',3,'4','https://cdn.dummyjson.com/products/images/mens-shoes/Sports%20Sneakers%20Off%20White%20Red/thumbnail.png','0839375107303','https://assets.dummyjson.com/public/qr-code.png','admin','2024-05-22 18:00:00','admin','2024-05-22 18:00:00',1),(93,10,'Brown Leather Belt Watch','The Brown Leather Belt Watch is a stylish timepiece with a classic design. Featuring a genuine leather strap and a sleek dial, it adds a touch of sophistication to your look.',15.01,4.47,'Fashion Timepieces','WGZ21MSA','3 months warranty','Ships in 1 week',1,'90 days return policy',10,'10','https://cdn.dummyjson.com/products/images/mens-watches/Brown%20Leather%20Belt%20Watch/thumbnail.png','9559180055872','https://assets.dummyjson.com/public/qr-code.png','admin','2024-05-22 18:00:00','admin','2024-05-22 18:00:00',1),(94,10,'Longines Master Collection','The Longines Master Collection is an elegant and refined watch known for its precision and craftsmanship. With a timeless design, it\'s a symbol of luxury and sophistication.',0.64,2.64,'Longines','LA7B9XEV','1 month warranty','Ships in 3-5 business days',1,'60 days return policy',1,'2','https://cdn.dummyjson.com/products/images/mens-watches/Longines%20Master%20Collection/thumbnail.png','1865008250672','https://assets.dummyjson.com/public/qr-code.png','admin','2024-05-22 18:00:00','admin','2024-05-22 18:00:00',1),(95,10,'Rolex Cellini Date Black Dial','The Rolex Cellini Date with Black Dial is a classic and prestigious watch. With a black dial and date complication, it exudes sophistication and is a symbol of Rolex\'s heritage.',14.28,3.61,'Rolex','J3GPKQW0','5 year warranty','Ships in 1 month',1,'30 days return policy',1,'6','https://cdn.dummyjson.com/products/images/mens-watches/Rolex%20Cellini%20Date%20Black%20Dial/thumbnail.png','8917585155737','https://assets.dummyjson.com/public/qr-code.png','admin','2024-05-22 18:00:00','admin','2024-05-22 18:00:00',1),(96,10,'Rolex Cellini Moonphase','The Rolex Cellini Moonphase is a masterpiece of horology, featuring a moon phase complication and exquisite design. It reflects Rolex\'s commitment to precision and elegance.',5.70,4.52,'Rolex','LUZDIKKR','3 year warranty','Ships overnight',1,'No return policy',1,'5','https://cdn.dummyjson.com/products/images/mens-watches/Rolex%20Cellini%20Moonphase/thumbnail.png','0330714338454','https://assets.dummyjson.com/public/qr-code.png','admin','2024-05-22 18:00:00','admin','2024-05-22 18:00:00',1),(97,10,'Rolex Datejust','The Rolex Datejust is an iconic and versatile timepiece with a date window. Known for its timeless design and reliability, it\'s a symbol of Rolex\'s watchmaking excellence.',9.69,4.94,'Rolex','86V20NWJ','6 months warranty','Ships in 3-5 business days',1,'90 days return policy',1,'5','https://cdn.dummyjson.com/products/images/mens-watches/Rolex%20Datejust/thumbnail.png','4957618378388','https://assets.dummyjson.com/public/qr-code.png','admin','2024-05-22 18:00:00','admin','2024-05-22 18:00:00',1),(98,10,'Rolex Submariner Watch','The Rolex Submariner is a legendary dive watch with a rich history. Known for its durability and water resistance, it\'s a symbol of adventure and exploration.',0.82,2.97,'Rolex','XFGRO0O5','No warranty','Ships in 1-2 business days',1,'90 days return policy',1,'5','https://cdn.dummyjson.com/products/images/mens-watches/Rolex%20Submariner%20Watch/thumbnail.png','6567997358364','https://assets.dummyjson.com/public/qr-code.png','admin','2024-05-22 18:00:00','admin','2024-05-22 18:00:00',1),(99,11,'Amazon Echo Plus','The Amazon Echo Plus is a smart speaker with built-in Alexa voice control. It features premium sound quality and serves as a hub for controlling smart home devices.',16.30,3.52,'Amazon','YHLK4W9V','1 month warranty','Ships in 1 week',1,'90 days return policy',1,'7','https://cdn.dummyjson.com/products/images/mobile-accessories/Amazon%20Echo%20Plus/thumbnail.png','0697313083842','https://assets.dummyjson.com/public/qr-code.png','admin','2024-05-22 18:00:00','admin','2024-05-22 18:00:00',1),(100,11,'Apple Airpods','The Apple Airpods offer a seamless wireless audio experience. With easy pairing, high-quality sound, and Siri integration, they are perfect for on-the-go listening.',4.82,4.38,'Apple','H76W8TSP','No warranty','Ships in 3-5 business days',1,'60 days return policy',3,'3','https://cdn.dummyjson.com/products/images/mobile-accessories/Apple%20Airpods/thumbnail.png','3925144121840','https://assets.dummyjson.com/public/qr-code.png','admin','2024-05-22 18:00:00','admin','2024-05-22 18:00:00',1),(101,11,'Apple AirPods Max Silver','The Apple AirPods Max in Silver are premium over-ear headphones with high-fidelity audio, adaptive EQ, and active noise cancellation. Experience immersive sound in style.',11.70,3.11,'Apple','HPK82VDE','3 months warranty','Ships in 1 month',1,'90 days return policy',2,'4','https://cdn.dummyjson.com/products/images/mobile-accessories/Apple%20AirPods%20Max%20Silver/thumbnail.png','9261269777547','https://assets.dummyjson.com/public/qr-code.png','admin','2024-05-22 18:00:00','admin','2024-05-22 18:00:00',1),(102,11,'Apple Airpower Wireless Charger','The Apple AirPower Wireless Charger provides a convenient way to charge your compatible Apple devices wirelessly. Simply place your devices on the charging mat for effortless charging.',6.54,4.51,'Apple','CBIU3PMZ','Lifetime warranty','Ships in 1 month',1,'7 days return policy',8,'3','https://cdn.dummyjson.com/products/images/mobile-accessories/Apple%20Airpower%20Wireless%20Charger/thumbnail.png','6981066059882','https://assets.dummyjson.com/public/qr-code.png','admin','2024-05-22 18:00:00','admin','2024-05-22 18:00:00',1),(103,11,'Apple HomePod Mini Cosmic Grey','The Apple HomePod Mini in Cosmic Grey is a compact smart speaker that delivers impressive audio and integrates seamlessly with the Apple ecosystem for a smart home experience.',3.70,4.51,'Apple','LDHQAT4B','1 month warranty','Ships overnight',1,'7 days return policy',8,'2','https://cdn.dummyjson.com/products/images/mobile-accessories/Apple%20HomePod%20Mini%20Cosmic%20Grey/thumbnail.png','3484370545271','https://assets.dummyjson.com/public/qr-code.png','admin','2024-05-22 18:00:00','admin','2024-05-22 18:00:00',1),(104,11,'Apple iPhone Charger','The Apple iPhone Charger is a high-quality charger designed for fast and efficient charging of your iPhone. Ensure your device stays powered up and ready to go.',1.01,3.03,'Apple','YAA6EHI7','2 year warranty','Ships in 1 week',2,'60 days return policy',43,'5','https://cdn.dummyjson.com/products/images/mobile-accessories/Apple%20iPhone%20Charger/thumbnail.png','9483427398580','https://assets.dummyjson.com/public/qr-code.png','admin','2024-05-22 18:00:00','admin','2024-05-22 18:00:00',1),(105,11,'Apple MagSafe Battery Pack','The Apple MagSafe Battery Pack is a portable and convenient way to add extra battery life to your MagSafe-compatible iPhone. Attach it magnetically for a secure connection.',10.27,2.61,'Apple','XNFJURL7','3 year warranty','Ships in 3-5 business days',1,'No return policy',4,'6','https://cdn.dummyjson.com/products/images/mobile-accessories/Apple%20MagSafe%20Battery%20Pack/thumbnail.png','1850091228580','https://assets.dummyjson.com/public/qr-code.png','admin','2024-05-22 18:00:00','admin','2024-05-22 18:00:00',1),(106,11,'Apple Watch Series 4 Gold','The Apple Watch Series 4 in Gold is a stylish and advanced smartwatch with features like heart rate monitoring, fitness tracking, and a beautiful Retina display.',5.14,4.42,'Apple','ZNXPOEPT','6 months warranty','Ships in 1-2 business days',1,'60 days return policy',2,'6','https://cdn.dummyjson.com/products/images/mobile-accessories/Apple%20Watch%20Series%204%20Gold/thumbnail.png','4492482209885','https://assets.dummyjson.com/public/qr-code.png','admin','2024-05-22 18:00:00','admin','2024-05-22 18:00:00',1),(107,11,'Beats Flex Wireless Earphones','The Beats Flex Wireless Earphones offer a comfortable and versatile audio experience. With magnetic earbuds and up to 12 hours of battery life, they are ideal for everyday use.',8.27,4.17,'Beats','7N15J2UK','1 week warranty','Ships overnight',1,'7 days return policy',19,'6','https://cdn.dummyjson.com/products/images/mobile-accessories/Beats%20Flex%20Wireless%20Earphones/thumbnail.png','4068884711976','https://assets.dummyjson.com/public/qr-code.png','admin','2024-05-22 18:00:00','admin','2024-05-22 18:00:00',1),(108,11,'iPhone 12 Silicone Case with MagSafe Plum','The iPhone 12 Silicone Case with MagSafe in Plum is a stylish and protective case designed for the iPhone 12. It features MagSafe technology for easy attachment of accessories.',14.35,4.41,'Apple','3UHE8VLA','1 year warranty','Ships in 1 month',1,'30 days return policy',19,'5','https://cdn.dummyjson.com/products/images/mobile-accessories/iPhone%2012%20Silicone%20Case%20with%20MagSafe%20Plum/thumbnail.png','4106912332105','https://assets.dummyjson.com/public/qr-code.png','admin','2024-05-22 18:00:00','admin','2024-05-22 18:00:00',1),(109,11,'Monopod','The Monopod is a versatile camera accessory for stable and adjustable shooting. Perfect for capturing selfies, group photos, and videos with ease.',11.62,2.99,'TechGear','RDEQ0W2L','1 week warranty','Ships in 1 week',1,'30 days return policy',10,'9','https://cdn.dummyjson.com/products/images/mobile-accessories/Monopod/thumbnail.png','2270380444574','https://assets.dummyjson.com/public/qr-code.png','admin','2024-05-22 18:00:00','admin','2024-05-22 18:00:00',1),(110,11,'Selfie Lamp with iPhone','The Selfie Lamp with iPhone is a portable and adjustable LED light designed to enhance your selfies and video calls. Attach it to your iPhone for well-lit photos.',13.86,2.84,'GadgetMaster','2VZ1ZNMO','1 week warranty','Ships in 1 week',1,'90 days return policy',4,'7','https://cdn.dummyjson.com/products/images/mobile-accessories/Selfie%20Lamp%20with%20iPhone/thumbnail.png','6205123036707','https://assets.dummyjson.com/public/qr-code.png','admin','2024-05-22 18:00:00','admin','2024-05-22 18:00:00',1),(111,11,'Selfie Stick Monopod','The Selfie Stick Monopod is a extendable and foldable device for capturing the perfect selfie or group photo. Compatible with smartphones and cameras.',15.29,2.93,'SnapTech','9T6WSF1E','3 year warranty','Ships overnight',1,'60 days return policy',10,'7','https://cdn.dummyjson.com/products/images/mobile-accessories/Selfie%20Stick%20Monopod/thumbnail.png','2854098561118','https://assets.dummyjson.com/public/qr-code.png','admin','2024-05-22 18:00:00','admin','2024-05-22 18:00:00',1),(112,11,'TV Studio Camera Pedestal','The TV Studio Camera Pedestal is a professional-grade camera support system for smooth and precise camera movements in a studio setting. Ideal for broadcast and production.',10.28,4.05,'ProVision','8K18CNAH','6 months warranty','Ships overnight',1,'7 days return policy',2,'7','https://cdn.dummyjson.com/products/images/mobile-accessories/TV%20Studio%20Camera%20Pedestal/thumbnail.png','4797157680929','https://assets.dummyjson.com/public/qr-code.png','admin','2024-05-22 18:00:00','admin','2024-05-22 18:00:00',1),(113,12,'Generic Motorcycle','The Generic Motorcycle is a versatile and reliable bike suitable for various riding preferences. With a balanced design, it provides a comfortable and efficient riding experience.',2.89,4.85,'Generic Motors','8MOWO363','3 months warranty','Ships in 2 weeks',1,'90 days return policy',1,'9','https://cdn.dummyjson.com/products/images/motorcycle/Generic%20Motorcycle/thumbnail.png','3727788887261','https://assets.dummyjson.com/public/qr-code.png','admin','2024-05-22 18:00:00','admin','2024-05-22 18:00:00',1),(114,12,'Kawasaki Z800','The Kawasaki Z800 is a powerful and agile sportbike known for its striking design and performance. It\'s equipped with advanced features, making it a favorite among motorcycle enthusiasts.',15.07,4.06,'Kawasaki','9WBTI8EP','1 month warranty','Ships in 1 month',1,'No return policy',1,'7','https://cdn.dummyjson.com/products/images/motorcycle/Kawasaki%20Z800/thumbnail.png','0537669788973','https://assets.dummyjson.com/public/qr-code.png','admin','2024-05-22 18:00:00','admin','2024-05-22 18:00:00',1),(115,12,'MotoGP CI.H1','The MotoGP CI.H1 is a high-performance motorcycle inspired by MotoGP racing technology. It offers cutting-edge features and precision engineering for an exhilarating riding experience.',17.00,4.15,'MotoGP','0ENL5IX6','2 year warranty','Ships in 1 month',1,'30 days return policy',1,'9','https://cdn.dummyjson.com/products/images/motorcycle/MotoGP%20CI.H1/thumbnail.png','0702250890221','https://assets.dummyjson.com/public/qr-code.png','admin','2024-05-22 18:00:00','admin','2024-05-22 18:00:00',1),(116,12,'Scooter Motorcycle','The Scooter Motorcycle is a practical and fuel-efficient bike ideal for urban commuting. It features a step-through design and user-friendly controls for easy maneuverability.',19.19,3.33,'ScootMaster','RGF3EX5E','3 year warranty','Ships in 1 week',1,'60 days return policy',1,'2','https://cdn.dummyjson.com/products/images/motorcycle/Scooter%20Motorcycle/thumbnail.png','5433184150501','https://assets.dummyjson.com/public/qr-code.png','admin','2024-05-22 18:00:00','admin','2024-05-22 18:00:00',1),(117,12,'Sportbike Motorcycle','The Sportbike Motorcycle is designed for speed and agility, with a sleek and aerodynamic profile. It\'s suitable for riders looking for a dynamic and thrilling riding experience.',18.07,2.97,'SpeedMaster','MW0SG302','Lifetime warranty','Ships in 1 month',1,'90 days return policy',1,'9','https://cdn.dummyjson.com/products/images/motorcycle/Sportbike%20Motorcycle/thumbnail.png','0047068612003','https://assets.dummyjson.com/public/qr-code.png','admin','2024-05-22 18:00:00','admin','2024-05-22 18:00:00',1),(118,13,'Attitude Super Leaves Hand Soap','Attitude Super Leaves Hand Soap is a natural and nourishing hand soap enriched with the goodness of super leaves. It cleanses and moisturizes your hands, leaving them feeling fresh and soft.',17.42,4.68,'Attitude','E6U3C701','3 months warranty','Ships in 1 month',1,'No return policy',32,'6','https://cdn.dummyjson.com/products/images/skin-care/Attitude%20Super%20Leaves%20Hand%20Soap/thumbnail.png','4295199431696','https://assets.dummyjson.com/public/qr-code.png','admin','2024-05-22 18:00:00','admin','2024-05-22 18:00:00',1),(119,13,'Olay Ultra Moisture Shea Butter Body Wash','Olay Ultra Moisture Shea Butter Body Wash is a luxurious body wash that hydrates and nourishes your skin with the moisturizing power of shea butter. Enjoy a rich lather and silky-smooth skin.',16.95,4.81,'Olay','BZCSD4EX','1 year warranty','Ships in 1 month',1,'No return policy',23,'8','https://cdn.dummyjson.com/products/images/skin-care/Olay%20Ultra%20Moisture%20Shea%20Butter%20Body%20Wash/thumbnail.png','7184195298854','https://assets.dummyjson.com/public/qr-code.png','admin','2024-05-22 18:00:00','admin','2024-05-22 18:00:00',1),(120,13,'Vaseline Men Body and Face Lotion','Vaseline Men Body and Face Lotion is a specially formulated lotion designed to provide long-lasting moisture to men\'s skin. It absorbs quickly and helps keep the skin hydrated and healthy.',11.63,3.97,'Vaseline','31IK2JUC','5 year warranty','Ships in 1 month',1,'60 days return policy',48,'10','https://cdn.dummyjson.com/products/images/skin-care/Vaseline%20Men%20Body%20and%20Face%20Lotion/thumbnail.png','7128996084231','https://assets.dummyjson.com/public/qr-code.png','admin','2024-05-22 18:00:00','admin','2024-05-22 18:00:00',1),(121,14,'iPhone 5s','The iPhone 5s is a classic smartphone known for its compact design and advanced features during its release. While it\'s an older model, it still provides a reliable user experience.',11.85,3.92,'Apple','AZ1L68SM','1 week warranty','Ships in 1 week',1,'No return policy',2,'4','https://cdn.dummyjson.com/products/images/smartphones/iPhone%205s/thumbnail.png','2903942810911','https://assets.dummyjson.com/public/qr-code.png','admin','2024-05-22 18:00:00','admin','2024-05-22 18:00:00',1),(122,14,'iPhone 6','The iPhone 6 is a stylish and capable smartphone with a larger display and improved performance. It introduced new features and design elements, making it a popular choice in its time.',4.54,3.76,'Apple','ZPXH3X9J','3 year warranty','Ships overnight',1,'60 days return policy',3,'8','https://cdn.dummyjson.com/products/images/smartphones/iPhone%206/thumbnail.png','2517230562429','https://assets.dummyjson.com/public/qr-code.png','admin','2024-05-22 18:00:00','admin','2024-05-22 18:00:00',1),(123,14,'iPhone 13 Pro','The iPhone 13 Pro is a cutting-edge smartphone with a powerful camera system, high-performance chip, and stunning display. It offers advanced features for users who demand top-notch technology.',18.30,3.42,'Apple','YGQKHPGK','1 year warranty','Ships in 2 weeks',1,'7 days return policy',1,'8','https://cdn.dummyjson.com/products/images/smartphones/iPhone%2013%20Pro/thumbnail.png','2986724589988','https://assets.dummyjson.com/public/qr-code.png','admin','2024-05-22 18:00:00','admin','2024-05-22 18:00:00',1),(124,14,'iPhone X','The iPhone X is a flagship smartphone featuring a bezel-less OLED display, facial recognition technology (Face ID), and impressive performance. It represents a milestone in iPhone design and innovation.',14.19,4.96,'Apple','9QN3UDUD','3 months warranty','Ships in 1 month',1,'30 days return policy',2,'10','https://cdn.dummyjson.com/products/images/smartphones/iPhone%20X/thumbnail.png','4331405454760','https://assets.dummyjson.com/public/qr-code.png','admin','2024-05-22 18:00:00','admin','2024-05-22 18:00:00',1),(125,14,'Oppo A57','The Oppo A57 is a mid-range smartphone known for its sleek design and capable features. It offers a balance of performance and affordability, making it a popular choice.',12.17,3.10,'Oppo','J1NO9ULG','No warranty','Ships in 1 month',1,'30 days return policy',5,'3','https://cdn.dummyjson.com/products/images/smartphones/Oppo%20A57/thumbnail.png','1743445108634','https://assets.dummyjson.com/public/qr-code.png','admin','2024-05-22 18:00:00','admin','2024-05-22 18:00:00',1),(126,14,'Oppo F19 Pro Plus','The Oppo F19 Pro Plus is a feature-rich smartphone with a focus on camera capabilities. It boasts advanced photography features and a powerful performance for a premium user experience.',15.62,2.57,'Oppo','H2TTGWXB','3 year warranty','Ships in 1-2 business days',1,'30 days return policy',5,'2','https://cdn.dummyjson.com/products/images/smartphones/Oppo%20F19%20Pro%20Plus/thumbnail.png','7451360954140','https://assets.dummyjson.com/public/qr-code.png','admin','2024-05-22 18:00:00','admin','2024-05-22 18:00:00',1),(127,14,'Oppo K1','The Oppo K1 series offers a range of smartphones with various features and specifications. Known for their stylish design and reliable performance, the Oppo K1 series caters to diverse user preferences.',14.58,3.39,'Oppo','ELZ94HM3','2 year warranty','Ships in 2 weeks',1,'No return policy',1,'2','https://cdn.dummyjson.com/products/images/smartphones/Oppo%20K1/thumbnail.png','7535531820285','https://assets.dummyjson.com/public/qr-code.png','admin','2024-05-22 18:00:00','admin','2024-05-22 18:00:00',1),(128,14,'Realme C35','The Realme C35 is a budget-friendly smartphone with a focus on providing essential features for everyday use. It offers a reliable performance and user-friendly experience.',16.47,2.56,'Realme','25KENV7J','Lifetime warranty','Ships in 1 week',1,'30 days return policy',1,'6','https://cdn.dummyjson.com/products/images/smartphones/Realme%20C35/thumbnail.png','3119744926904','https://assets.dummyjson.com/public/qr-code.png','admin','2024-05-22 18:00:00','admin','2024-05-22 18:00:00',1),(129,14,'Realme X','The Realme X is a mid-range smartphone known for its sleek design and impressive display. It offers a good balance of performance and camera capabilities for users seeking a quality device.',2.39,4.42,'Realme','5E11C5C4','1 month warranty','Ships in 3-5 business days',1,'7 days return policy',1,'1','https://cdn.dummyjson.com/products/images/smartphones/Realme%20X/thumbnail.png','0139612574728','https://assets.dummyjson.com/public/qr-code.png','admin','2024-05-22 18:00:00','admin','2024-05-22 18:00:00',1),(130,14,'Realme XT','The Realme XT is a feature-rich smartphone with a focus on camera technology. It comes equipped with advanced camera sensors, delivering high-quality photos and videos for photography enthusiasts.',3.03,4.14,'Realme','GHDMRAP2','1 week warranty','Ships in 1 month',1,'60 days return policy',5,'4','https://cdn.dummyjson.com/products/images/smartphones/Realme%20XT/thumbnail.png','3985844484131','https://assets.dummyjson.com/public/qr-code.png','admin','2024-05-22 18:00:00','admin','2024-05-22 18:00:00',1),(131,14,'Samsung Galaxy S7','The Samsung Galaxy S7 is a flagship smartphone known for its sleek design and advanced features. It features a high-resolution display, powerful camera, and robust performance.',8.83,4.90,'Samsung','VZF4Z58Z','1 month warranty','Ships in 2 weeks',1,'No return policy',1,'8','https://cdn.dummyjson.com/products/images/smartphones/Samsung%20Galaxy%20S7/thumbnail.png','8841359359362','https://assets.dummyjson.com/public/qr-code.png','admin','2024-05-22 18:00:00','admin','2024-05-22 18:00:00',1),(132,14,'Samsung Galaxy S8','The Samsung Galaxy S8 is a premium smartphone with an Infinity Display, offering a stunning visual experience. It boasts advanced camera capabilities and cutting-edge technology.',2.69,3.69,'Samsung','GLXQQKBF','Lifetime warranty','Ships in 3-5 business days',1,'No return policy',1,'6','https://cdn.dummyjson.com/products/images/smartphones/Samsung%20Galaxy%20S8/thumbnail.png','1337599403784','https://assets.dummyjson.com/public/qr-code.png','admin','2024-05-22 18:00:00','admin','2024-05-22 18:00:00',1),(133,14,'Samsung Galaxy S10','The Samsung Galaxy S10 is a flagship device featuring a dynamic AMOLED display, versatile camera system, and powerful performance. It represents innovation and excellence in smartphone technology.',0.97,2.81,'Samsung','5GJFL98I','1 month warranty','Ships overnight',1,'No return policy',1,'3','https://cdn.dummyjson.com/products/images/smartphones/Samsung%20Galaxy%20S10/thumbnail.png','0311929399881','https://assets.dummyjson.com/public/qr-code.png','admin','2024-05-22 18:00:00','admin','2024-05-22 18:00:00',1),(134,14,'Vivo S1','The Vivo S1 is a stylish and mid-range smartphone offering a blend of design and performance. It features a vibrant display, capable camera system, and reliable functionality.',4.25,2.83,'Vivo','BG6974E7','1 week warranty','Ships overnight',1,'7 days return policy',3,'1','https://cdn.dummyjson.com/products/images/smartphones/Vivo%20S1/thumbnail.png','4070349673041','https://assets.dummyjson.com/public/qr-code.png','admin','2024-05-22 18:00:00','admin','2024-05-22 18:00:00',1),(135,14,'Vivo V9','The Vivo V9 is a smartphone known for its sleek design and emphasis on capturing high-quality selfies. It features a notch display, dual-camera setup, and a modern design.',14.57,3.10,'Vivo','N9WFE2WH','1 week warranty','Ships overnight',1,'No return policy',2,'5','https://cdn.dummyjson.com/products/images/smartphones/Vivo%20V9/thumbnail.png','1506104702332','https://assets.dummyjson.com/public/qr-code.png','admin','2024-05-22 18:00:00','admin','2024-05-22 18:00:00',1),(136,14,'Vivo X21','The Vivo X21 is a premium smartphone with a focus on cutting-edge technology. It features an in-display fingerprint sensor, a high-resolution display, and advanced camera capabilities.',7.32,2.75,'Vivo','KSF00BOC','1 week warranty','Ships overnight',0,'30 days return policy',4,'7','https://cdn.dummyjson.com/products/images/smartphones/Vivo%20X21/thumbnail.png','2543504494043','https://assets.dummyjson.com/public/qr-code.png','admin','2024-05-22 18:00:00','admin','2024-05-22 18:00:00',1),(137,15,'American Football','The American Football is a classic ball used in American football games. It is designed for throwing and catching, making it an essential piece of equipment for the sport.',10.28,3.78,NULL,'QLDVAXMJ','1 month warranty','Ships in 2 weeks',1,'30 days return policy',23,'9','https://cdn.dummyjson.com/products/images/sports-accessories/American%20Football/thumbnail.png','2510402973927','https://assets.dummyjson.com/public/qr-code.png','admin','2024-05-22 18:00:00','admin','2024-05-22 18:00:00',1),(138,15,'Baseball Ball','The Baseball Ball is a standard baseball used in baseball games. It features a durable leather cover and is designed for pitching, hitting, and fielding in the game of baseball.',13.72,4.76,NULL,'VXE0FZPJ','3 year warranty','Ships overnight',1,'No return policy',38,'6','https://cdn.dummyjson.com/products/images/sports-accessories/Baseball%20Ball/thumbnail.png','2160728153953','https://assets.dummyjson.com/public/qr-code.png','admin','2024-05-22 18:00:00','admin','2024-05-22 18:00:00',1),(139,15,'Baseball Glove','The Baseball Glove is a protective glove worn by baseball players. It is designed to catch and field the baseball, providing players with comfort and control during the game.',16.27,2.72,NULL,'WOP4GLB6','3 year warranty','Ships in 3-5 business days',1,'90 days return policy',3,'7','https://cdn.dummyjson.com/products/images/sports-accessories/Baseball%20Glove/thumbnail.png','6055304153121','https://assets.dummyjson.com/public/qr-code.png','admin','2024-05-22 18:00:00','admin','2024-05-22 18:00:00',1),(140,15,'Basketball','The Basketball is a standard ball used in basketball games. It is designed for dribbling, shooting, and passing in the game of basketball, suitable for both indoor and outdoor play.',18.05,4.15,NULL,'EMF68NH8','3 months warranty','Ships in 1 month',1,'30 days return policy',2,'10','https://cdn.dummyjson.com/products/images/sports-accessories/Basketball/thumbnail.png','0365979467747','https://assets.dummyjson.com/public/qr-code.png','admin','2024-05-22 18:00:00','admin','2024-05-22 18:00:00',1),(141,15,'Basketball Rim','The Basketball Rim is a sturdy hoop and net assembly mounted on a basketball backboard. It provides a target for shooting and scoring in the game of basketball.',6.02,4.98,NULL,'ENEWIQSR','Lifetime warranty','Ships in 2 weeks',1,'7 days return policy',10,'7','https://cdn.dummyjson.com/products/images/sports-accessories/Basketball%20Rim/thumbnail.png','6350072055940','https://assets.dummyjson.com/public/qr-code.png','admin','2024-05-22 18:00:00','admin','2024-05-22 18:00:00',1),(142,15,'Cricket Ball','The Cricket Ball is a hard leather ball used in the sport of cricket. It is bowled and batted in the game, and its hardness and seam contribute to the dynamics of cricket play.',12.93,4.43,NULL,'8F923MI3','No warranty','Ships overnight',1,'60 days return policy',28,'4','https://cdn.dummyjson.com/products/images/sports-accessories/Cricket%20Ball/thumbnail.png','1172140250231','https://assets.dummyjson.com/public/qr-code.png','admin','2024-05-22 18:00:00','admin','2024-05-22 18:00:00',1),(143,15,'Cricket Bat','The Cricket Bat is an essential piece of cricket equipment used by batsmen to hit the cricket ball. It is made of wood and comes in various sizes and designs.',9.03,3.07,NULL,'RK7E32YJ','Lifetime warranty','Ships overnight',2,'90 days return policy',7,'4','https://cdn.dummyjson.com/products/images/sports-accessories/Cricket%20Bat/thumbnail.png','0230768893692','https://assets.dummyjson.com/public/qr-code.png','admin','2024-05-22 18:00:00','admin','2024-05-22 18:00:00',1),(144,15,'Cricket Helmet','The Cricket Helmet is a protective headgear worn by cricket players, especially batsmen and wicketkeepers. It provides protection against fast bowling and bouncers.',10.75,3.34,NULL,'00M0YHO1','3 year warranty','Ships in 2 weeks',1,'No return policy',18,'4','https://cdn.dummyjson.com/products/images/sports-accessories/Cricket%20Helmet/thumbnail.png','4273297592026','https://assets.dummyjson.com/public/qr-code.png','admin','2024-05-22 18:00:00','admin','2024-05-22 18:00:00',1),(145,15,'Cricket Wicket','The Cricket Wicket is a set of three stumps and two bails, forming a wicket used in the sport of cricket. Batsmen aim to protect the wicket while scoring runs.',8.79,4.16,NULL,'MY2K8E37','No warranty','Ships in 1 week',1,'7 days return policy',13,'2','https://cdn.dummyjson.com/products/images/sports-accessories/Cricket%20Wicket/thumbnail.png','4967828756034','https://assets.dummyjson.com/public/qr-code.png','admin','2024-05-22 18:00:00','admin','2024-05-22 18:00:00',1),(146,15,'Feather Shuttlecock','The Feather Shuttlecock is used in the sport of badminton. It features natural feathers and is designed for high-speed play, providing stability and accuracy during matches.',10.24,3.95,NULL,'P2K2L1IZ','3 months warranty','Ships in 3-5 business days',1,'7 days return policy',35,'7','https://cdn.dummyjson.com/products/images/sports-accessories/Feather%20Shuttlecock/thumbnail.png','7282562018266','https://assets.dummyjson.com/public/qr-code.png','admin','2024-05-22 18:00:00','admin','2024-05-22 18:00:00',1),(147,15,'Football','The Football, also known as a soccer ball, is the standard ball used in the sport of football (soccer). It is designed for kicking and passing in the game.',0.59,3.94,NULL,'LJLW0BOI','2 year warranty','Ships in 2 weeks',1,'7 days return policy',23,'1','https://cdn.dummyjson.com/products/images/sports-accessories/Football/thumbnail.png','6355211584281','https://assets.dummyjson.com/public/qr-code.png','admin','2024-05-22 18:00:00','admin','2024-05-22 18:00:00',1),(148,15,'Golf Ball','The Golf Ball is a small ball used in the sport of golf. It features dimples on its surface, providing aerodynamic lift and distance when struck by a golf club.',19.38,4.84,NULL,'QAPLNLL0','1 month warranty','Ships in 1 week',1,'60 days return policy',43,'1','https://cdn.dummyjson.com/products/images/sports-accessories/Golf%20Ball/thumbnail.png','5080386819883','https://assets.dummyjson.com/public/qr-code.png','admin','2024-05-22 18:00:00','admin','2024-05-22 18:00:00',1),(149,15,'Iron Golf','The Iron Golf is a type of golf club designed for various golf shots. It features a solid metal head and is used for approach shots, chipping, and other golfing techniques.',3.32,4.87,NULL,'Q5JH7UTR','3 months warranty','Ships in 1 month',2,'30 days return policy',13,'5','https://cdn.dummyjson.com/products/images/sports-accessories/Iron%20Golf/thumbnail.png','1443785609686','https://assets.dummyjson.com/public/qr-code.png','admin','2024-05-22 18:00:00','admin','2024-05-22 18:00:00',1),(150,15,'Metal Baseball Bat','The Metal Baseball Bat is a durable and lightweight baseball bat made from metal alloys. It is commonly used in baseball games for hitting and batting practice.',2.55,4.11,NULL,'WQ91QZCL','1 month warranty','Ships in 3-5 business days',1,'7 days return policy',10,'4','https://cdn.dummyjson.com/products/images/sports-accessories/Metal%20Baseball%20Bat/thumbnail.png','3794773705386','https://assets.dummyjson.com/public/qr-code.png','admin','2024-05-22 18:00:00','admin','2024-05-22 18:00:00',1),(151,15,'Tennis Ball','The Tennis Ball is a standard ball used in the sport of tennis. It is designed for bouncing and hitting with tennis rackets during matches or practice sessions.',0.14,4.77,NULL,'E2QETULP','5 year warranty','Ships in 1 week',1,'No return policy',34,'3','https://cdn.dummyjson.com/products/images/sports-accessories/Tennis%20Ball/thumbnail.png','0283869936919','https://assets.dummyjson.com/public/qr-code.png','admin','2024-05-22 18:00:00','admin','2024-05-22 18:00:00',1),(152,15,'Tennis Racket','The Tennis Racket is an essential piece of equipment used in the sport of tennis. It features a frame with strings and a grip, allowing players to hit the tennis ball.',15.80,3.82,NULL,'NBRQ6V5N','6 months warranty','Ships in 2 weeks',1,'30 days return policy',20,'2','https://cdn.dummyjson.com/products/images/sports-accessories/Tennis%20Racket/thumbnail.png','7876356604989','https://assets.dummyjson.com/public/qr-code.png','admin','2024-05-22 18:00:00','admin','2024-05-22 18:00:00',1),(153,15,'Volleyball','The Volleyball is a standard ball used in the sport of volleyball. It is designed for passing, setting, and spiking over the net during volleyball matches.',2.20,4.08,NULL,'0WKXK9YE','1 year warranty','Ships in 1 month',0,'7 days return policy',26,'6','https://cdn.dummyjson.com/products/images/sports-accessories/Volleyball/thumbnail.png','4505233760788','https://assets.dummyjson.com/public/qr-code.png','admin','2024-05-22 18:00:00','admin','2024-05-22 18:00:00',1),(154,16,'Black Sun Glasses','The Black Sun Glasses are a classic and stylish choice, featuring a sleek black frame and tinted lenses. They provide both UV protection and a fashionable look.',14.22,3.23,'Fashion Shades','572XJQ54','1 year warranty','Ships in 3-5 business days',1,'No return policy',18,'3','https://cdn.dummyjson.com/products/images/sunglasses/Black%20Sun%20Glasses/thumbnail.png','5882136939141','https://assets.dummyjson.com/public/qr-code.png','admin','2024-05-22 18:00:00','admin','2024-05-22 18:00:00',1),(155,16,'Classic Sun Glasses','The Classic Sun Glasses offer a timeless design with a neutral frame and UV-protected lenses. These sunglasses are versatile and suitable for various occasions.',15.67,2.99,'Fashion Shades','4K0LQT72','1 week warranty','Ships in 3-5 business days',1,'No return policy',5,'9','https://cdn.dummyjson.com/products/images/sunglasses/Classic%20Sun%20Glasses/thumbnail.png','8441015763783','https://assets.dummyjson.com/public/qr-code.png','admin','2024-05-22 18:00:00','admin','2024-05-22 18:00:00',1),(156,16,'Green and Black Glasses','The Green and Black Glasses feature a bold combination of green and black colors, adding a touch of vibrancy to your eyewear collection. They are both stylish and eye-catching.',10.75,2.84,'Fashion Shades','6ZLT86N8','No warranty','Ships in 3-5 business days',1,'7 days return policy',12,'9','https://cdn.dummyjson.com/products/images/sunglasses/Green%20and%20Black%20Glasses/thumbnail.png','3645259229399','https://assets.dummyjson.com/public/qr-code.png','admin','2024-05-22 18:00:00','admin','2024-05-22 18:00:00',1),(157,16,'Party Glasses','The Party Glasses are designed to add flair to your party outfit. With unique shapes or colorful frames, they\'re perfect for adding a playful touch to your look during celebrations.',19.52,3.21,'Fashion Fun','CBO6BLYV','2 year warranty','Ships in 2 weeks',1,'90 days return policy',19,'1','https://cdn.dummyjson.com/products/images/sunglasses/Party%20Glasses/thumbnail.png','0425848276443','https://assets.dummyjson.com/public/qr-code.png','admin','2024-05-22 18:00:00','admin','2024-05-22 18:00:00',1),(158,16,'Sunglasses','The Sunglasses offer a classic and simple design with a focus on functionality. These sunglasses provide essential UV protection while maintaining a timeless look.',4.87,2.58,'Fashion Shades','FCWURP6V','5 year warranty','Ships in 1-2 business days',1,'60 days return policy',11,'6','https://cdn.dummyjson.com/products/images/sunglasses/Sunglasses/thumbnail.png','9189532411470','https://assets.dummyjson.com/public/qr-code.png','admin','2024-05-22 18:00:00','admin','2024-05-22 18:00:00',1),(159,17,'iPad Mini 2021 Starlight','The iPad Mini 2021 in Starlight is a compact and powerful tablet from Apple. Featuring a stunning Retina display, powerful A-series chip, and a sleek design, it offers a premium tablet experience.',19.48,3.87,'Apple','L5CSWLNS','3 months warranty','Ships in 2 weeks',1,'No return policy',3,'3','https://cdn.dummyjson.com/products/images/tablets/iPad%20Mini%202021%20Starlight/thumbnail.png','6190943900668','https://assets.dummyjson.com/public/qr-code.png','admin','2024-05-22 18:00:00','admin','2024-05-22 18:00:00',1),(160,17,'Samsung Galaxy Tab S8 Plus Grey','The Samsung Galaxy Tab S8 Plus in Grey is a high-performance Android tablet by Samsung. With a large AMOLED display, powerful processor, and S Pen support, it\'s ideal for productivity and entertainment.',8.11,3.43,'Samsung','1SIVLPFN','6 months warranty','Ships in 1-2 business days',1,'30 days return policy',1,'10','https://cdn.dummyjson.com/products/images/tablets/Samsung%20Galaxy%20Tab%20S8%20Plus%20Grey/thumbnail.png','7204800760083','https://assets.dummyjson.com/public/qr-code.png','admin','2024-05-22 18:00:00','admin','2024-05-22 18:00:00',1),(161,17,'Samsung Galaxy Tab White','The Samsung Galaxy Tab in White is a sleek and versatile Android tablet. With a vibrant display, long-lasting battery, and a range of features, it offers a great user experience for various tasks.',4.82,3.70,'Samsung','AKJPAPFO','3 months warranty','Ships in 1-2 business days',0,'60 days return policy',1,'8','https://cdn.dummyjson.com/products/images/tablets/Samsung%20Galaxy%20Tab%20White/thumbnail.png','1952499482706','https://assets.dummyjson.com/public/qr-code.png','admin','2024-05-22 18:00:00','admin','2024-05-22 18:00:00',1),(162,18,'Blue Frock','The Blue Frock is a charming and stylish dress for various occasions. With a vibrant blue color and a comfortable design, it adds a touch of elegance to your wardrobe.',9.37,3.57,NULL,'YAXY0OOO','1 week warranty','Ships in 1 week',1,'7 days return policy',19,'2','https://cdn.dummyjson.com/products/images/tops/Blue%20Frock/thumbnail.png','3867112520929','https://assets.dummyjson.com/public/qr-code.png','admin','2024-05-22 18:00:00','admin','2024-05-22 18:00:00',1),(163,18,'Girl Summer Dress','The Girl Summer Dress is a cute and breezy dress designed for warm weather. With playful patterns and lightweight fabric, it\'s perfect for keeping cool and stylish during the summer.',6.42,2.67,NULL,'99397X82','1 month warranty','Ships in 3-5 business days',1,'No return policy',5,'3','https://cdn.dummyjson.com/products/images/tops/Girl%20Summer%20Dress/thumbnail.png','1171873054762','https://assets.dummyjson.com/public/qr-code.png','admin','2024-05-22 18:00:00','admin','2024-05-22 18:00:00',1),(164,18,'Gray Dress','The Gray Dress is a versatile and chic option for various occasions. With a neutral gray color, it can be dressed up or down, making it a wardrobe staple for any fashion-forward individual.',9.32,3.49,NULL,'GVBVDYSG','5 year warranty','Ships in 1-2 business days',1,'No return policy',19,'5','https://cdn.dummyjson.com/products/images/tops/Gray%20Dress/thumbnail.png','4089123821366','https://assets.dummyjson.com/public/qr-code.png','admin','2024-05-22 18:00:00','admin','2024-05-22 18:00:00',1),(165,18,'Short Frock','The Short Frock is a playful and trendy dress with a shorter length. Ideal for casual outings or special occasions, it combines style and comfort for a fashionable look.',9.47,4.63,NULL,'4VA2AFL0','No warranty','Ships in 1-2 business days',1,'60 days return policy',19,'8','https://cdn.dummyjson.com/products/images/tops/Short%20Frock/thumbnail.png','5470465127276','https://assets.dummyjson.com/public/qr-code.png','admin','2024-05-22 18:00:00','admin','2024-05-22 18:00:00',1),(166,18,'Tartan Dress','The Tartan Dress features a classic tartan pattern, bringing a timeless and sophisticated touch to your wardrobe. Perfect for fall and winter, it adds a hint of traditional charm.',2.08,2.82,NULL,'35AA2Y9Z','3 months warranty','Ships overnight',1,'No return policy',11,'4','https://cdn.dummyjson.com/products/images/tops/Tartan%20Dress/thumbnail.png','6945099655063','https://assets.dummyjson.com/public/qr-code.png','admin','2024-05-22 18:00:00','admin','2024-05-22 18:00:00',1),(167,19,'300 Touring','The 300 Touring is a stylish and comfortable sedan, known for its luxurious features and smooth performance.',7.15,4.56,'Chrysler','SPG50KEL','3 year warranty','Ships overnight',1,'No return policy',1,'5','https://cdn.dummyjson.com/products/images/vehicle/300%20Touring/thumbnail.png','4354670429851','https://assets.dummyjson.com/public/qr-code.png','admin','2024-05-22 18:00:00','admin','2024-05-22 18:00:00',1),(168,19,'Charger SXT RWD','The Charger SXT RWD is a powerful and sporty rear-wheel-drive sedan, offering a blend of performance and practicality.',2.27,2.92,'Dodge','AWI8JXJ4','1 week warranty','Ships in 3-5 business days',1,'30 days return policy',1,'8','https://cdn.dummyjson.com/products/images/vehicle/Charger%20SXT%20RWD/thumbnail.png','3076808951073','https://assets.dummyjson.com/public/qr-code.png','admin','2024-05-22 18:00:00','admin','2024-05-22 18:00:00',1),(169,19,'Dodge Hornet GT Plus','The Dodge Hornet GT Plus is a compact and agile hatchback, perfect for urban driving with a touch of sportiness.',14.26,3.93,'Dodge','FTLDKR58','3 months warranty','Ships in 2 weeks',1,'90 days return policy',1,'10','https://cdn.dummyjson.com/products/images/vehicle/Dodge%20Hornet%20GT%20Plus/thumbnail.png','5552996682784','https://assets.dummyjson.com/public/qr-code.png','admin','2024-05-22 18:00:00','admin','2024-05-22 18:00:00',1),(170,19,'Durango SXT RWD','The Durango SXT RWD is a spacious and versatile SUV, known for its strong performance and family-friendly features.',9.21,3.47,'Dodge','8I1NEZNH','1 year warranty','Ships in 1 week',0,'30 days return policy',1,'8','https://cdn.dummyjson.com/products/images/vehicle/Durango%20SXT%20RWD/thumbnail.png','0325066634371','https://assets.dummyjson.com/public/qr-code.png','admin','2024-05-22 18:00:00','admin','2024-05-22 18:00:00',1),(171,19,'Pacifica Touring','The Pacifica Touring is a stylish and well-equipped minivan, offering comfort and convenience for family journeys.',6.89,2.96,'Chrysler','26P5DXAD','2 year warranty','Ships in 1-2 business days',1,'60 days return policy',1,'8','https://cdn.dummyjson.com/products/images/vehicle/Pacifica%20Touring/thumbnail.png','0423919231919','https://assets.dummyjson.com/public/qr-code.png','admin','2024-05-22 18:00:00','admin','2024-05-22 18:00:00',1),(172,20,'Blue Women\'s Handbag','The Blue Women\'s Handbag is a stylish and spacious accessory for everyday use. With a vibrant blue color and multiple compartments, it combines fashion and functionality.',5.24,3.37,'Fashionista','A5HC6SCF','Lifetime warranty','Ships in 1 month',1,'90 days return policy',15,'2','https://cdn.dummyjson.com/products/images/womens-bags/Blue%20Women\'s%20Handbag/thumbnail.png','5830586302839','https://assets.dummyjson.com/public/qr-code.png','admin','2024-05-22 18:00:00','admin','2024-05-22 18:00:00',1),(173,20,'Heshe Women\'s Leather Bag','The Heshe Women\'s Leather Bag is a luxurious and high-quality leather bag for the sophisticated woman. With a timeless design and durable craftsmanship, it\'s a versatile accessory.',7.74,2.62,'Heshe','W8MA1IE7','1 year warranty','Ships in 1 month',1,'90 days return policy',5,'5','https://cdn.dummyjson.com/products/images/womens-bags/Heshe%20Women\'s%20Leather%20Bag/thumbnail.png','4736917854821','https://assets.dummyjson.com/public/qr-code.png','admin','2024-05-22 18:00:00','admin','2024-05-22 18:00:00',1),(174,20,'Prada Women Bag','The Prada Women Bag is an iconic designer bag that exudes elegance and luxury. Crafted with precision and featuring the Prada logo, it\'s a statement piece for fashion enthusiasts.',18.30,3.52,'Prada','WXX4YTJM','1 week warranty','Ships overnight',1,'7 days return policy',1,'4','https://cdn.dummyjson.com/products/images/womens-bags/Prada%20Women%20Bag/thumbnail.png','4590351278063','https://assets.dummyjson.com/public/qr-code.png','admin','2024-05-22 18:00:00','admin','2024-05-22 18:00:00',1),(175,20,'White Faux Leather Backpack','The White Faux Leather Backpack is a trendy and practical backpack for the modern woman. With a sleek white design and ample storage space, it\'s perfect for both casual and on-the-go styles.',7.76,4.91,'Urban Chic','85TOBG0M','1 month warranty','Ships overnight',1,'30 days return policy',16,'1','https://cdn.dummyjson.com/products/images/womens-bags/White%20Faux%20Leather%20Backpack/thumbnail.png','2451119128549','https://assets.dummyjson.com/public/qr-code.png','admin','2024-05-22 18:00:00','admin','2024-05-22 18:00:00',1),(176,20,'Women Handbag Black','The Women Handbag in Black is a classic and versatile accessory that complements various outfits. With a timeless black color and functional design, it\'s a must-have in every woman\'s wardrobe.',3.08,4.94,'Elegance Collection','0I2M70SW','Lifetime warranty','Ships overnight',1,'No return policy',8,'1','https://cdn.dummyjson.com/products/images/womens-bags/Women%20Handbag%20Black/thumbnail.png','4391376510493','https://assets.dummyjson.com/public/qr-code.png','admin','2024-05-22 18:00:00','admin','2024-05-22 18:00:00',1),(177,21,'Black Women\'s Gown','The Black Women\'s Gown is an elegant and timeless evening gown. With a sleek black design, it\'s perfect for formal events and special occasions, exuding sophistication and style.',5.86,4.77,NULL,'CL0LXEBG','Lifetime warranty','Ships in 1 month',1,'7 days return policy',2,'7','https://cdn.dummyjson.com/products/images/womens-dresses/Black%20Women\'s%20Gown/thumbnail.png','3515162615847','https://assets.dummyjson.com/public/qr-code.png','admin','2024-05-22 18:00:00','admin','2024-05-22 18:00:00',1),(178,21,'Corset Leather With Skirt','The Corset Leather With Skirt is a bold and edgy ensemble that combines a stylish corset with a matching skirt. Ideal for fashion-forward individuals, it makes a statement at any event.',19.26,2.52,NULL,'TU384RG4','6 months warranty','Ships overnight',1,'60 days return policy',4,'1','https://cdn.dummyjson.com/products/images/womens-dresses/Corset%20Leather%20With%20Skirt/thumbnail.png','5612433310069','https://assets.dummyjson.com/public/qr-code.png','admin','2024-05-22 18:00:00','admin','2024-05-22 18:00:00',1),(179,21,'Corset With Black Skirt','The Corset With Black Skirt is a chic and versatile outfit that pairs a fashionable corset with a classic black skirt. It offers a trendy and coordinated look for various occasions.',14.61,3.00,NULL,'KM6VKT38','Lifetime warranty','Ships in 2 weeks',1,'No return policy',3,'6','https://cdn.dummyjson.com/products/images/womens-dresses/Corset%20With%20Black%20Skirt/thumbnail.png','1585516684321','https://assets.dummyjson.com/public/qr-code.png','admin','2024-05-22 18:00:00','admin','2024-05-22 18:00:00',1),(180,21,'Dress Pea','The Dress Pea is a stylish and comfortable dress with a pea pattern. Perfect for casual outings, it adds a playful and fun element to your wardrobe, making it a great choice for day-to-day wear.',9.81,2.92,NULL,'EOSIQZU7','6 months warranty','Ships in 1 month',1,'90 days return policy',1,'7','https://cdn.dummyjson.com/products/images/womens-dresses/Dress%20Pea/thumbnail.png','8423169561887','https://assets.dummyjson.com/public/qr-code.png','admin','2024-05-22 18:00:00','admin','2024-05-22 18:00:00',1),(181,21,'Marni Red & Black Suit','The Marni Red & Black Suit is a sophisticated and fashion-forward suit ensemble. With a combination of red and black tones, it showcases a modern design for a bold and confident look.',15.40,4.17,NULL,'MWF43VM5','No warranty','Ships overnight',1,'30 days return policy',4,'4','https://cdn.dummyjson.com/products/images/womens-dresses/Marni%20Red%20&%20Black%20Suit/thumbnail.png','4670281112327','https://assets.dummyjson.com/public/qr-code.png','admin','2024-05-22 18:00:00','admin','2024-05-22 18:00:00',1),(182,22,'Green Crystal Earring','The Green Crystal Earring is a dazzling accessory that features a vibrant green crystal. With a classic design, it adds a touch of elegance to your ensemble, perfect for formal or special occasions.',2.58,2.94,NULL,'O7LSKAP2','3 year warranty','Ships in 1 month',2,'30 days return policy',17,'10','https://cdn.dummyjson.com/products/images/womens-jewellery/Green%20Crystal%20Earring/thumbnail.png','1370841315431','https://assets.dummyjson.com/public/qr-code.png','admin','2024-05-22 18:00:00','admin','2024-05-22 18:00:00',1),(183,22,'Green Oval Earring','The Green Oval Earring is a stylish and versatile accessory with a unique oval shape. Whether for casual or dressy occasions, its green hue and contemporary design make it a standout piece.',0.64,2.54,NULL,'OCEA4CEQ','3 months warranty','Ships in 3-5 business days',1,'No return policy',7,'8','https://cdn.dummyjson.com/products/images/womens-jewellery/Green%20Oval%20Earring/thumbnail.png','4865862581826','https://assets.dummyjson.com/public/qr-code.png','admin','2024-05-22 18:00:00','admin','2024-05-22 18:00:00',1),(184,22,'Tropical Earring','The Tropical Earring is a fun and playful accessory inspired by tropical elements. Featuring vibrant colors and a lively design, it\'s perfect for adding a touch of summer to your look.',12.31,3.32,NULL,'8F1O6KAS','3 year warranty','Ships in 1 month',1,'30 days return policy',27,'9','https://cdn.dummyjson.com/products/images/womens-jewellery/Tropical%20Earring/thumbnail.png','3902265895387','https://assets.dummyjson.com/public/qr-code.png','admin','2024-05-22 18:00:00','admin','2024-05-22 18:00:00',1),(185,23,'Black & Brown Slipper','The Black & Brown Slipper is a comfortable and stylish choice for casual wear. Featuring a blend of black and brown colors, it adds a touch of sophistication to your relaxation.',13.62,4.13,'Comfort Trends','0EVS1LOK','2 year warranty','Ships in 1-2 business days',1,'90 days return policy',29,'9','https://cdn.dummyjson.com/products/images/womens-shoes/Black%20&%20Brown%20Slipper/thumbnail.png','7641648910463','https://assets.dummyjson.com/public/qr-code.png','admin','2024-05-22 18:00:00','admin','2024-05-22 18:00:00',1),(186,23,'Calvin Klein Heel Shoes','Calvin Klein Heel Shoes are elegant and sophisticated, designed for formal occasions. With a classic design and high-quality materials, they complement your stylish ensemble.',11.39,4.06,'Calvin Klein','9U4PYRXS','1 week warranty','Ships in 3-5 business days',1,'60 days return policy',3,'1','https://cdn.dummyjson.com/products/images/womens-shoes/Calvin%20Klein%20Heel%20Shoes/thumbnail.png','0909273919848','https://assets.dummyjson.com/public/qr-code.png','admin','2024-05-22 18:00:00','admin','2024-05-22 18:00:00',1),(187,23,'Golden Shoes Woman','The Golden Shoes for Women are a glamorous choice for special occasions. Featuring a golden hue and stylish design, they add a touch of luxury to your outfit.',14.93,4.82,'Fashion Diva','U52NOLI2','5 year warranty','Ships in 1-2 business days',1,'No return policy',19,'3','https://cdn.dummyjson.com/products/images/womens-shoes/Golden%20Shoes%20Woman/thumbnail.png','0008484295237','https://assets.dummyjson.com/public/qr-code.png','admin','2024-05-22 18:00:00','admin','2024-05-22 18:00:00',1),(188,23,'Pampi Shoes','Pampi Shoes offer a blend of comfort and style for everyday use. With a versatile design, they are suitable for various casual occasions, providing a trendy and relaxed look.',0.30,3.01,'Pampi','MJGF2DUO','2 year warranty','Ships in 1 week',1,'60 days return policy',9,'3','https://cdn.dummyjson.com/products/images/womens-shoes/Pampi%20Shoes/thumbnail.png','9067128136436','https://assets.dummyjson.com/public/qr-code.png','admin','2024-05-22 18:00:00','admin','2024-05-22 18:00:00',1),(189,23,'Red Shoes','The Red Shoes make a bold statement with their vibrant red color. Whether for a party or a casual outing, these shoes add a pop of color and style to your wardrobe.',0.01,4.23,'Fashion Express','H8JNELSB','1 month warranty','Ships overnight',1,'30 days return policy',17,'5','https://cdn.dummyjson.com/products/images/womens-shoes/Red%20Shoes/thumbnail.png','6076832823797','https://assets.dummyjson.com/public/qr-code.png','admin','2024-05-22 18:00:00','admin','2024-05-22 18:00:00',1),(190,24,'IWC Ingenieur Automatic Steel','The IWC Ingenieur Automatic Steel watch is a durable and sophisticated timepiece. With a stainless steel case and automatic movement, it combines precision and style for watch enthusiasts.',5.76,2.58,'IWC','OJF7AK1J','5 year warranty','Ships in 1 week',1,'No return policy',1,'4','https://cdn.dummyjson.com/products/images/womens-watches/IWC%20Ingenieur%20Automatic%20Steel/thumbnail.png','3417342002384','https://assets.dummyjson.com/public/qr-code.png','admin','2024-05-22 18:00:00','admin','2024-05-22 18:00:00',1),(191,24,'Rolex Cellini Moonphase','The Rolex Cellini Moonphase watch is a masterpiece of horology. Featuring a moon phase complication, it showcases the craftsmanship and elegance that Rolex is renowned for.',18.76,3.41,'Rolex','E8CYFYQL','2 year warranty','Ships in 1-2 business days',1,'60 days return policy',1,'5','https://cdn.dummyjson.com/products/images/womens-watches/Rolex%20Cellini%20Moonphase/thumbnail.png','3517608890772','https://assets.dummyjson.com/public/qr-code.png','admin','2024-05-22 18:00:00','admin','2024-05-22 18:00:00',1),(192,24,'Rolex Datejust Women','The Rolex Datejust Women\'s watch is an iconic timepiece designed for women. With a timeless design and a date complication, it offers both elegance and functionality.',17.72,3.53,'Rolex','VKQ2UNB9','6 months warranty','Ships in 3-5 business days',1,'90 days return policy',1,'8','https://cdn.dummyjson.com/products/images/womens-watches/Rolex%20Datejust%20Women/thumbnail.png','6032534220602','https://assets.dummyjson.com/public/qr-code.png','admin','2024-05-22 18:00:00','admin','2024-05-22 18:00:00',1),(193,24,'Watch Gold for Women','The Gold Women\'s Watch is a stunning accessory that combines luxury and style. Featuring a gold-plated case and a chic design, it adds a touch of glamour to any outfit.',6.37,3.03,'Fashion Gold','N6I9YEWM','2 year warranty','Ships in 1 month',1,'No return policy',2,'8','https://cdn.dummyjson.com/products/images/womens-watches/Watch%20Gold%20for%20Women/thumbnail.png','0793324106392','https://assets.dummyjson.com/public/qr-code.png','admin','2024-05-22 18:00:00','admin','2024-05-22 18:00:00',1),(194,24,'Women\'s Wrist Watch','The Women\'s Wrist Watch is a versatile and fashionable timepiece for everyday wear. With a comfortable strap and a simple yet elegant design, it complements various styles.',17.34,2.93,'Fashion Co.','36T6X4M3','1 month warranty','Ships in 3-5 business days',1,'90 days return policy',1,'8','https://cdn.dummyjson.com/products/images/womens-watches/Women\'s%20Wrist%20Watch/thumbnail.png','7588684177028','https://assets.dummyjson.com/public/qr-code.png','admin','2024-05-22 18:00:00','admin','2024-05-22 18:00:00',1),(195,19,'chevrolet camaro',NULL,NULL,NULL,NULL,'camaro',NULL,NULL,NULL,NULL,NULL,NULL,'https://hips.hearstapps.com/hmg-prod/images/2024-chevrolet-camaro-ss-collectors-edition-1-647e1933c6c20.jpg?crop=0.827xw:0.853xh;0.0946xw,0.129xh&resize=1200:*',NULL,NULL,'admin','2024-10-20 10:36:42',NULL,NULL,NULL),(199,1,'abc',NULL,NULL,NULL,NULL,'assss',NULL,NULL,NULL,NULL,1,NULL,'/images/uploads/thumbnail-1729748952640-668934390.jpg',NULL,NULL,'admin','2024-10-24 05:49:12',NULL,NULL,NULL),(200,1,'mascara3',NULL,NULL,NULL,NULL,'ssddsa',NULL,NULL,NULL,NULL,2,NULL,'/images/uploads/thumbnail-1730026918565-899049921.jpg',NULL,NULL,'admin','2024-10-24 06:12:56','admin','2024-10-27 11:01:58',NULL),(209,1,'new','new',0.83,NULL,'new','new','w','s',NULL,'r',1,'2','/images/uploads/thumbnail-1730274135299-56998439.jpg',NULL,NULL,'admin','2024-10-30 07:42:15','admin','2024-10-30 07:42:15',1),(210,1,'new2','id is 210',10.00,NULL,'new brand','new2','w','s',NULL,'r',2,'2','/images/uploads/thumbnail-1730274281395-984655911.jpg',NULL,NULL,'admin','2024-10-30 07:44:41','admin','2024-10-30 11:26:45',1);
/*!40000 ALTER TABLE `products` ENABLE KEYS */;
UNLOCK TABLES;

--
-- Table structure for table `products_master`
--

DROP TABLE IF EXISTS `products_master`;
/*!40101 SET @saved_cs_client     = @@character_set_client */;
/*!50503 SET character_set_client = utf8mb4 */;
CREATE TABLE `products_master` (
  `purchase_id` int NOT NULL AUTO_INCREMENT,
  `product_id` int NOT NULL,
  `purchase_price` decimal(10,2) DEFAULT NULL,
  `product_price` decimal(10,2) DEFAULT NULL,
  `product_stock` int DEFAULT NULL,
  `created_by` varchar(200) DEFAULT NULL,
  `creation_date` timestamp NULL DEFAULT NULL,
  `last_updated_by` varchar(100) DEFAULT NULL,
  `last_update_date` timestamp NULL DEFAULT NULL,
  `change_number` decimal(10,0) DEFAULT NULL,
  PRIMARY KEY (`purchase_id`),
  KEY `fk_products_master_products` (`product_id`),
  CONSTRAINT `fk_products_master_products` FOREIGN KEY (`product_id`) REFERENCES `products` (`product_id`)
) ENGINE=InnoDB AUTO_INCREMENT=211 DEFAULT CHARSET=utf8mb4 COLLATE=utf8mb4_0900_ai_ci;
/*!40101 SET character_set_client = @saved_cs_client */;

--
-- Dumping data for table `products_master`
--

LOCK TABLES `products_master` WRITE;
/*!40000 ALTER TABLE `products_master` DISABLE KEYS */;
INSERT INTO `products_master` VALUES (1,1,50.00,100.00,100,'admin','2024-09-16 18:00:00','admin','2024-10-31 09:09:34',1),(2,2,18.50,19.99,44,'admin','2024-09-16 18:00:00','admin','2024-10-17 09:18:52',1),(3,3,NULL,14.99,59,'admin','2024-09-16 18:00:00','admin','2024-09-16 18:00:00',1),(4,4,NULL,12.99,68,'admin','2024-09-16 18:00:00','admin','2024-09-16 18:00:00',1),(5,5,NULL,8.99,71,'admin','2024-09-16 18:00:00','admin','2024-09-16 18:00:00',1),(6,6,40.00,49.99,17,'admin','2024-09-16 18:00:00','admin','2024-11-04 18:35:26',1),(7,7,100.00,129.99,41,'admin','2024-09-16 18:00:00','admin','2024-09-16 18:00:00',1),(8,8,NULL,89.99,83,'admin','2024-09-16 18:00:00','admin','2024-10-29 09:42:33',1),(9,9,NULL,69.99,3,'admin','2024-09-16 18:00:00','admin','2024-09-16 18:00:00',1),(10,10,70.00,79.99,93,'admin','2024-09-16 18:00:00','admin','2024-09-16 18:00:00',1),(11,11,NULL,1899.99,47,'admin','2024-09-16 18:00:00','admin','2024-09-16 18:00:00',1),(12,12,NULL,2499.99,16,'admin','2024-09-16 18:00:00','admin','2024-09-16 18:00:00',1),(13,13,NULL,299.99,11,'admin','2024-09-16 18:00:00','admin','2024-10-29 09:42:38',1),(14,14,NULL,499.99,42,'admin','2024-09-16 18:00:00','admin','2024-10-29 09:44:54',1),(15,15,NULL,799.99,95,'admin','2024-09-16 18:00:00','admin','2024-09-16 18:00:00',1),(16,16,NULL,1.99,9,'admin','2024-09-16 18:00:00','admin','2024-09-16 18:00:00',1),(17,17,NULL,12.99,96,'admin','2024-09-16 18:00:00','admin','2024-09-16 18:00:00',1),(18,18,NULL,8.99,13,'admin','2024-09-16 18:00:00','admin','2024-09-16 18:00:00',1),(19,19,NULL,9.99,69,'admin','2024-09-16 18:00:00','admin','2024-09-16 18:00:00',1),(20,20,NULL,4.99,22,'admin','2024-09-16 18:00:00','admin','2024-09-16 18:00:00',1),(21,21,NULL,1.49,22,'admin','2024-09-16 18:00:00','admin','2024-09-16 18:00:00',1),(22,22,NULL,10.99,40,'admin','2024-09-16 18:00:00','admin','2024-09-16 18:00:00',1),(23,23,NULL,2.99,10,'admin','2024-09-16 18:00:00','admin','2024-09-16 18:00:00',1),(24,24,NULL,14.99,99,'admin','2024-09-16 18:00:00','admin','2024-09-16 18:00:00',1),(25,25,NULL,1.29,79,'admin','2024-09-16 18:00:00','admin','2024-11-04 18:34:08',1),(26,26,NULL,0.99,8,'admin','2024-09-16 18:00:00','admin','2024-09-16 18:00:00',1),(27,27,NULL,6.99,25,'admin','2024-09-16 18:00:00','admin','2024-09-16 18:00:00',1),(28,28,NULL,5.49,76,'admin','2024-09-16 18:00:00','admin','2024-09-16 18:00:00',1),(29,29,NULL,3.99,99,'admin','2024-09-16 18:00:00','admin','2024-09-16 18:00:00',1),(30,30,NULL,2.49,1,'admin','2024-09-16 18:00:00','admin','2024-09-16 18:00:00',1),(31,31,NULL,0.79,0,'admin','2024-09-16 18:00:00','admin','2024-09-16 18:00:00',1),(32,32,NULL,3.49,57,'admin','2024-09-16 18:00:00','admin','2024-09-16 18:00:00',1),(33,33,NULL,4.99,79,'admin','2024-09-16 18:00:00','admin','2024-09-16 18:00:00',1),(34,34,NULL,7.99,22,'admin','2024-09-16 18:00:00','admin','2024-09-16 18:00:00',1),(35,35,NULL,2.29,8,'admin','2024-09-16 18:00:00','admin','2024-09-16 18:00:00',1),(36,36,NULL,19.99,65,'admin','2024-09-16 18:00:00','admin','2024-09-16 18:00:00',1),(37,37,NULL,1.99,86,'admin','2024-09-16 18:00:00','admin','2024-09-16 18:00:00',1),(38,38,NULL,5.99,49,'admin','2024-09-16 18:00:00','admin','2024-09-16 18:00:00',1),(39,39,NULL,1.99,78,'admin','2024-09-16 18:00:00','admin','2024-09-16 18:00:00',1),(40,40,NULL,3.99,9,'admin','2024-09-16 18:00:00','admin','2024-09-16 18:00:00',1),(41,41,NULL,2.49,97,'admin','2024-09-16 18:00:00','admin','2024-09-16 18:00:00',1),(42,42,0.50,0.99,95,'admin','2024-09-16 18:00:00','admin','2024-09-16 18:00:00',1),(43,43,NULL,59.99,62,'admin','2024-09-16 18:00:00','admin','2024-09-16 18:00:00',1),(44,44,NULL,29.99,34,'admin','2024-09-16 18:00:00','admin','2024-09-16 18:00:00',1),(45,45,NULL,39.99,89,'admin','2024-09-16 18:00:00','admin','2024-09-16 18:00:00',1),(46,46,NULL,14.99,70,'admin','2024-09-16 18:00:00','admin','2024-09-16 18:00:00',1),(47,47,NULL,49.99,84,'admin','2024-09-16 18:00:00','admin','2024-09-16 18:00:00',1),(48,48,NULL,7.99,0,'admin','2024-09-16 18:00:00','admin','2024-09-16 18:00:00',1),(49,49,NULL,5.99,42,'admin','2024-09-16 18:00:00','admin','2024-09-16 18:00:00',1),(50,50,NULL,9.99,17,'admin','2024-09-16 18:00:00','admin','2024-09-16 18:00:00',1),(51,51,NULL,39.99,81,'admin','2024-09-16 18:00:00','admin','2024-09-16 18:00:00',1),(52,52,NULL,29.99,2,'admin','2024-09-16 18:00:00','admin','2024-09-16 18:00:00',1),(53,53,NULL,12.99,53,'admin','2024-09-16 18:00:00','admin','2024-09-16 18:00:00',1),(54,54,NULL,8.99,59,'admin','2024-09-16 18:00:00','admin','2024-09-16 18:00:00',1),(55,55,NULL,6.99,30,'admin','2024-09-16 18:00:00','admin','2024-09-16 18:00:00',1),(56,56,NULL,49.99,41,'admin','2024-09-16 18:00:00','admin','2024-09-16 18:00:00',1),(57,57,NULL,9.99,13,'admin','2024-09-16 18:00:00','admin','2024-09-16 18:00:00',1),(58,58,NULL,3.99,10,'admin','2024-09-16 18:00:00','admin','2024-09-16 18:00:00',1),(59,59,NULL,4.99,68,'admin','2024-09-16 18:00:00','admin','2024-09-16 18:00:00',1),(60,60,NULL,10.99,80,'admin','2024-09-16 18:00:00','admin','2024-09-16 18:00:00',1),(61,61,NULL,34.99,8,'admin','2024-09-16 18:00:00','admin','2024-09-16 18:00:00',1),(62,62,NULL,5.99,81,'admin','2024-09-16 18:00:00','admin','2024-09-16 18:00:00',1),(63,63,NULL,7.99,33,'admin','2024-09-16 18:00:00','admin','2024-09-16 18:00:00',1),(64,64,NULL,14.99,59,'admin','2024-09-16 18:00:00','admin','2024-09-16 18:00:00',1),(65,65,NULL,12.99,26,'admin','2024-09-16 18:00:00','admin','2024-09-16 18:00:00',1),(66,66,NULL,89.99,27,'admin','2024-09-16 18:00:00','admin','2024-09-16 18:00:00',1),(67,67,NULL,15.99,93,'admin','2024-09-16 18:00:00','admin','2024-09-16 18:00:00',1),(68,68,NULL,24.99,40,'admin','2024-09-16 18:00:00','admin','2024-09-16 18:00:00',1),(69,69,3.00,3.99,30,'admin','2024-09-16 18:00:00','admin','2024-09-16 18:00:00',1),(70,70,NULL,6.99,15,'admin','2024-09-16 18:00:00','admin','2024-09-16 18:00:00',1),(71,71,NULL,39.99,37,'admin','2024-09-16 18:00:00','admin','2024-09-16 18:00:00',1),(72,72,NULL,8.99,36,'admin','2024-09-16 18:00:00','admin','2024-09-16 18:00:00',1),(73,73,NULL,19.99,24,'admin','2024-09-16 18:00:00','admin','2024-09-16 18:00:00',1),(74,74,NULL,4.99,51,'admin','2024-09-16 18:00:00','admin','2024-09-16 18:00:00',1),(75,75,NULL,16.99,48,'admin','2024-09-16 18:00:00','admin','2024-09-16 18:00:00',1),(76,76,NULL,11.99,80,'admin','2024-09-16 18:00:00','admin','2024-09-16 18:00:00',1),(77,77,NULL,5.99,86,'admin','2024-09-16 18:00:00','admin','2024-09-16 18:00:00',1),(78,78,NULL,1999.99,39,'admin','2024-09-16 18:00:00','admin','2024-09-16 18:00:00',1),(79,79,NULL,1799.99,38,'admin','2024-09-16 18:00:00','admin','2024-09-16 18:00:00',1),(80,80,NULL,1399.99,34,'admin','2024-09-16 18:00:00','admin','2024-09-16 18:00:00',1),(81,81,NULL,1099.99,71,'admin','2024-09-16 18:00:00','admin','2024-09-16 18:00:00',1),(82,82,NULL,1499.99,18,'admin','2024-09-16 18:00:00','admin','2024-09-16 18:00:00',1),(83,83,NULL,29.99,44,'admin','2024-09-16 18:00:00','admin','2024-09-16 18:00:00',1),(84,84,NULL,24.99,64,'admin','2024-09-16 18:00:00','admin','2024-09-16 18:00:00',1),(85,85,NULL,34.99,65,'admin','2024-09-16 18:00:00','admin','2024-09-16 18:00:00',1),(86,86,NULL,19.99,18,'admin','2024-09-16 18:00:00','admin','2024-10-29 09:42:05',1),(87,87,NULL,27.99,69,'admin','2024-09-16 18:00:00','admin','2024-09-16 18:00:00',1),(88,88,NULL,149.99,15,'admin','2024-09-16 18:00:00','admin','2024-09-16 18:00:00',1),(89,89,NULL,79.99,14,'admin','2024-09-16 18:00:00','admin','2024-09-16 18:00:00',1),(90,90,NULL,89.99,10,'admin','2024-09-16 18:00:00','admin','2024-09-16 18:00:00',1),(91,91,NULL,119.99,73,'admin','2024-09-16 18:00:00','admin','2024-09-16 18:00:00',1),(92,92,NULL,109.99,75,'admin','2024-09-16 18:00:00','admin','2024-09-16 18:00:00',1),(93,93,NULL,89.99,69,'admin','2024-09-16 18:00:00','admin','2024-09-16 18:00:00',1),(94,94,1400.00,1499.99,65,'admin','2024-09-16 18:00:00','admin','2024-09-16 18:00:00',1),(95,95,NULL,8999.99,84,'admin','2024-09-16 18:00:00','admin','2024-09-16 18:00:00',1),(96,96,NULL,12999.99,33,'admin','2024-09-16 18:00:00','admin','2024-09-16 18:00:00',1),(97,97,NULL,10999.99,11,'admin','2024-09-16 18:00:00','admin','2024-09-16 18:00:00',1),(98,98,NULL,13999.99,35,'admin','2024-09-16 18:00:00','admin','2024-09-16 18:00:00',1),(99,99,NULL,99.99,50,'admin','2024-09-16 18:00:00','admin','2024-09-16 18:00:00',1),(100,100,NULL,129.99,93,'admin','2024-09-16 18:00:00','admin','2024-09-16 18:00:00',1),(101,101,NULL,549.99,7,'admin','2024-09-16 18:00:00','admin','2024-09-16 18:00:00',1),(102,102,NULL,79.99,78,'admin','2024-09-16 18:00:00','admin','2024-09-16 18:00:00',1),(103,103,NULL,99.99,65,'admin','2024-09-16 18:00:00','admin','2024-09-16 18:00:00',1),(104,104,NULL,19.99,4,'admin','2024-09-16 18:00:00','admin','2024-09-16 18:00:00',1),(105,105,NULL,99.99,80,'admin','2024-09-16 18:00:00','admin','2024-09-16 18:00:00',1),(106,106,NULL,349.99,68,'admin','2024-09-16 18:00:00','admin','2024-09-16 18:00:00',1),(107,107,NULL,49.99,49,'admin','2024-09-16 18:00:00','admin','2024-09-16 18:00:00',1),(108,108,NULL,29.99,51,'admin','2024-09-16 18:00:00','admin','2024-09-16 18:00:00',1),(109,109,NULL,19.99,96,'admin','2024-09-16 18:00:00','admin','2024-09-16 18:00:00',1),(110,110,NULL,14.99,89,'admin','2024-09-16 18:00:00','admin','2024-09-16 18:00:00',1),(111,111,NULL,12.99,33,'admin','2024-09-16 18:00:00','admin','2024-09-16 18:00:00',1),(112,112,NULL,499.99,45,'admin','2024-09-16 18:00:00','admin','2024-09-16 18:00:00',1),(113,113,NULL,3999.99,63,'admin','2024-09-16 18:00:00','admin','2024-09-16 18:00:00',1),(114,114,NULL,8999.99,88,'admin','2024-09-16 18:00:00','admin','2024-09-16 18:00:00',1),(115,115,NULL,14999.99,85,'admin','2024-09-16 18:00:00','admin','2024-09-16 18:00:00',1),(116,116,NULL,2999.99,11,'admin','2024-09-16 18:00:00','admin','2024-09-16 18:00:00',1),(117,117,NULL,7499.99,12,'admin','2024-09-16 18:00:00','admin','2024-09-16 18:00:00',1),(118,118,NULL,8.99,98,'admin','2024-09-16 18:00:00','admin','2024-09-16 18:00:00',1),(119,119,NULL,12.99,43,'admin','2024-09-16 18:00:00','admin','2024-09-16 18:00:00',1),(120,120,NULL,9.99,54,'admin','2024-09-16 18:00:00','admin','2024-09-16 18:00:00',1),(121,121,NULL,199.99,65,'admin','2024-09-16 18:00:00','admin','2024-09-16 18:00:00',1),(122,122,NULL,299.99,99,'admin','2024-09-16 18:00:00','admin','2024-09-16 18:00:00',1),(123,123,NULL,1099.99,26,'admin','2024-09-16 18:00:00','admin','2024-09-16 18:00:00',1),(124,124,NULL,899.99,99,'admin','2024-09-16 18:00:00','admin','2024-09-16 18:00:00',1),(125,125,NULL,249.99,76,'admin','2024-09-16 18:00:00','admin','2024-09-16 18:00:00',1),(126,126,NULL,399.99,92,'admin','2024-09-16 18:00:00','admin','2024-09-16 18:00:00',1),(127,127,NULL,299.99,61,'admin','2024-09-16 18:00:00','admin','2024-09-16 18:00:00',1),(128,128,NULL,149.99,81,'admin','2024-09-16 18:00:00','admin','2024-09-16 18:00:00',1),(129,129,NULL,299.99,87,'admin','2024-09-16 18:00:00','admin','2024-09-16 18:00:00',1),(130,130,NULL,349.99,53,'admin','2024-09-16 18:00:00','admin','2024-09-16 18:00:00',1),(131,131,NULL,299.99,55,'admin','2024-09-16 18:00:00','admin','2024-09-16 18:00:00',1),(132,132,NULL,499.99,75,'admin','2024-09-16 18:00:00','admin','2024-09-16 18:00:00',1),(133,133,NULL,699.99,40,'admin','2024-09-16 18:00:00','admin','2024-09-16 18:00:00',1),(134,134,NULL,249.99,13,'admin','2024-09-16 18:00:00','admin','2024-09-16 18:00:00',1),(135,135,NULL,299.99,19,'admin','2024-09-16 18:00:00','admin','2024-09-16 18:00:00',1),(136,136,NULL,499.99,0,'admin','2024-09-16 18:00:00','admin','2024-09-16 18:00:00',1),(137,137,NULL,19.99,48,'admin','2024-09-16 18:00:00','admin','2024-09-16 18:00:00',1),(138,138,NULL,8.99,71,'admin','2024-09-16 18:00:00','admin','2024-09-16 18:00:00',1),(139,139,NULL,24.99,43,'admin','2024-09-16 18:00:00','admin','2024-09-16 18:00:00',1),(140,140,NULL,14.99,100,'admin','2024-09-16 18:00:00','admin','2024-09-16 18:00:00',1),(141,141,NULL,39.99,57,'admin','2024-09-16 18:00:00','admin','2024-09-16 18:00:00',1),(142,142,NULL,12.99,42,'admin','2024-09-16 18:00:00','admin','2024-09-16 18:00:00',1),(143,143,NULL,29.99,3,'admin','2024-09-16 18:00:00','admin','2024-09-16 18:00:00',1),(144,144,NULL,44.99,31,'admin','2024-09-16 18:00:00','admin','2024-09-16 18:00:00',1),(145,145,NULL,29.99,31,'admin','2024-09-16 18:00:00','admin','2024-09-16 18:00:00',1),(146,146,NULL,5.99,17,'admin','2024-09-16 18:00:00','admin','2024-09-16 18:00:00',1),(147,147,NULL,17.99,66,'admin','2024-09-16 18:00:00','admin','2024-09-16 18:00:00',1),(148,148,NULL,9.99,45,'admin','2024-09-16 18:00:00','admin','2024-09-16 18:00:00',1),(149,149,NULL,49.99,7,'admin','2024-09-16 18:00:00','admin','2024-09-16 18:00:00',1),(150,150,NULL,29.99,37,'admin','2024-09-16 18:00:00','admin','2024-09-16 18:00:00',1),(151,151,NULL,6.99,99,'admin','2024-09-16 18:00:00','admin','2024-09-16 18:00:00',1),(152,152,NULL,49.99,86,'admin','2024-09-16 18:00:00','admin','2024-09-16 18:00:00',1),(153,153,NULL,11.99,0,'admin','2024-09-16 18:00:00','admin','2024-09-16 18:00:00',1),(154,154,NULL,29.99,100,'admin','2024-09-16 18:00:00','admin','2024-09-16 18:00:00',1),(155,155,NULL,24.99,100,'admin','2024-09-16 18:00:00','admin','2024-09-16 18:00:00',1),(156,156,NULL,34.99,74,'admin','2024-09-16 18:00:00','admin','2024-09-16 18:00:00',1),(157,157,NULL,19.99,35,'admin','2024-09-16 18:00:00','admin','2024-09-16 18:00:00',1),(158,158,NULL,22.99,59,'admin','2024-09-16 18:00:00','admin','2024-09-16 18:00:00',1),(159,159,NULL,499.99,32,'admin','2024-09-16 18:00:00','admin','2024-09-16 18:00:00',1),(160,160,NULL,599.99,76,'admin','2024-09-16 18:00:00','admin','2024-09-16 18:00:00',1),(161,161,NULL,349.99,0,'admin','2024-09-16 18:00:00','admin','2024-09-16 18:00:00',1),(162,162,NULL,29.99,37,'admin','2024-09-16 18:00:00','admin','2024-09-16 18:00:00',1),(163,163,NULL,19.99,20,'admin','2024-09-16 18:00:00','admin','2024-09-16 18:00:00',1),(164,164,NULL,34.99,81,'admin','2024-09-16 18:00:00','admin','2024-09-16 18:00:00',1),(165,165,NULL,24.99,19,'admin','2024-09-16 18:00:00','admin','2024-09-16 18:00:00',1),(166,166,NULL,39.99,100,'admin','2024-09-16 18:00:00','admin','2024-09-16 18:00:00',1),(167,167,NULL,28999.99,53,'admin','2024-09-16 18:00:00','admin','2024-09-16 18:00:00',1),(168,168,NULL,32999.99,85,'admin','2024-09-16 18:00:00','admin','2024-09-16 18:00:00',1),(169,169,NULL,24999.99,81,'admin','2024-09-16 18:00:00','admin','2024-09-16 18:00:00',1),(170,170,NULL,36999.99,0,'admin','2024-09-16 18:00:00','admin','2024-09-16 18:00:00',1),(171,171,NULL,31999.99,22,'admin','2024-09-16 18:00:00','admin','2024-09-16 18:00:00',1),(172,172,NULL,49.99,76,'admin','2024-09-16 18:00:00','admin','2024-09-16 18:00:00',1),(173,173,NULL,129.99,9,'admin','2024-09-16 18:00:00','admin','2024-09-16 18:00:00',1),(174,174,NULL,599.99,43,'admin','2024-09-16 18:00:00','admin','2024-09-16 18:00:00',1),(175,175,NULL,39.99,89,'admin','2024-09-16 18:00:00','admin','2024-09-16 18:00:00',1),(176,176,NULL,59.99,24,'admin','2024-09-16 18:00:00','admin','2024-09-16 18:00:00',1),(177,177,NULL,129.99,59,'admin','2024-09-16 18:00:00','admin','2024-09-16 18:00:00',1),(178,178,NULL,89.99,59,'admin','2024-09-16 18:00:00','admin','2024-09-16 18:00:00',1),(179,179,NULL,79.99,67,'admin','2024-09-16 18:00:00','admin','2024-09-16 18:00:00',1),(180,180,NULL,49.99,29,'admin','2024-09-16 18:00:00','admin','2024-09-16 18:00:00',1),(181,181,NULL,179.99,15,'admin','2024-09-16 18:00:00','admin','2024-09-16 18:00:00',1),(182,182,NULL,29.99,1,'admin','2024-09-16 18:00:00','admin','2024-09-16 18:00:00',1),(183,183,NULL,24.99,89,'admin','2024-09-16 18:00:00','admin','2024-09-16 18:00:00',1),(184,184,NULL,19.99,76,'admin','2024-09-16 18:00:00','admin','2024-09-16 18:00:00',1),(185,185,15.00,19.99,51,'admin','2024-09-16 18:00:00','admin','2024-10-29 07:44:26',1),(186,186,NULL,79.99,99,'admin','2024-09-16 18:00:00','admin','2024-09-16 18:00:00',1),(187,187,NULL,49.99,99,'admin','2024-09-16 18:00:00','admin','2024-09-16 18:00:00',1),(188,188,NULL,29.99,36,'admin','2024-09-16 18:00:00','admin','2024-09-16 18:00:00',1),(189,189,NULL,34.99,36,'admin','2024-09-16 18:00:00','admin','2024-10-29 07:44:21',1),(190,190,NULL,4999.99,85,'admin','2024-09-16 18:00:00','admin','2024-09-16 18:00:00',1),(191,191,NULL,15999.99,66,'admin','2024-09-16 18:00:00','admin','2024-09-16 18:00:00',1),(192,192,NULL,10999.99,31,'admin','2024-09-16 18:00:00','admin','2024-09-16 18:00:00',1),(193,193,NULL,799.99,94,'admin','2024-09-16 18:00:00','admin','2024-09-16 18:00:00',1),(194,194,100.00,129.99,55,'admin','2024-09-16 18:00:00','admin','2024-09-16 18:00:00',1),(195,195,15000.00,20000.00,10,'admin','2024-10-20 10:36:42',NULL,NULL,NULL),(199,199,11.00,11.00,98,'admin','2024-10-24 05:49:12','admin','2024-10-27 10:29:37',NULL),(200,200,12.00,12.00,100,'admin','2024-10-24 06:12:56','admin','2024-10-27 11:01:58',NULL),(209,209,11.00,11.00,11,'admin','2024-10-30 07:42:15','admin','2024-10-30 07:42:15',1),(210,210,22.00,22.00,22,'admin','2024-10-30 07:44:41','admin','2024-10-30 11:26:45',1);
/*!40000 ALTER TABLE `products_master` ENABLE KEYS */;
UNLOCK TABLES;

--
-- Table structure for table `reviews`
--

DROP TABLE IF EXISTS `reviews`;
/*!40101 SET @saved_cs_client     = @@character_set_client */;
/*!50503 SET character_set_client = utf8mb4 */;
CREATE TABLE `reviews` (
  `review_id` int NOT NULL AUTO_INCREMENT,
  `product_id` int NOT NULL,
  `user_id` int DEFAULT NULL,
  `review_rating` decimal(10,2) DEFAULT NULL,
  `review_comment` varchar(200) DEFAULT NULL,
  `created_by` varchar(200) DEFAULT NULL,
  `creation_date` timestamp NULL DEFAULT NULL,
  `last_updated_by` varchar(100) DEFAULT NULL,
  `last_update_date` timestamp NULL DEFAULT NULL,
  `change_number` decimal(10,0) DEFAULT NULL,
  PRIMARY KEY (`review_id`),
  KEY `fk_reviews_products` (`product_id`),
  KEY `fk_reviews_users` (`user_id`),
  CONSTRAINT `fk_reviews_products` FOREIGN KEY (`product_id`) REFERENCES `products` (`product_id`)
) ENGINE=InnoDB AUTO_INCREMENT=612 DEFAULT CHARSET=utf8mb4 COLLATE=utf8mb4_0900_ai_ci;
/*!40101 SET character_set_client = @saved_cs_client */;

--
-- Dumping data for table `reviews`
--

LOCK TABLES `reviews` WRITE;
/*!40000 ALTER TABLE `reviews` DISABLE KEYS */;
INSERT INTO `reviews` VALUES (1,1,16,2.00,'Very unhappy with my purchase!','admin','2024-09-16 18:00:00','admin','2024-09-16 18:00:00',1),(2,1,NULL,2.00,'Not as described!','admin','2024-09-16 18:00:00','admin','2024-09-16 18:00:00',1),(3,1,NULL,5.00,'Very satisfied!','admin','2024-09-16 18:00:00','admin','2024-09-16 18:00:00',1),(4,2,NULL,4.00,'Very satisfied!','admin','2024-09-16 18:00:00','admin','2024-09-16 18:00:00',1),(5,2,NULL,1.00,'Very disappointed!','admin','2024-09-16 18:00:00','admin','2024-09-16 18:00:00',1),(6,2,NULL,5.00,'Highly impressed!','admin','2024-09-16 18:00:00','admin','2024-09-16 18:00:00',1),(7,3,NULL,5.00,'Very happy with my purchase!','admin','2024-09-16 18:00:00','admin','2024-09-16 18:00:00',1),(8,3,NULL,4.00,'Great value for money!','admin','2024-09-16 18:00:00','admin','2024-09-16 18:00:00',1),(9,3,NULL,5.00,'Highly impressed!','admin','2024-09-16 18:00:00','admin','2024-09-16 18:00:00',1),(10,4,NULL,5.00,'Great product!','admin','2024-09-16 18:00:00','admin','2024-09-16 18:00:00',1),(11,4,NULL,4.00,'Very pleased!','admin','2024-09-16 18:00:00','admin','2024-09-16 18:00:00',1),(12,4,NULL,5.00,'Very pleased!','admin','2024-09-16 18:00:00','admin','2024-09-16 18:00:00',1),(13,5,16,5.00,'Very pleased!','admin','2024-09-16 18:00:00','admin','2024-09-16 18:00:00',1),(14,5,2,5.00,'Great product!','admin','2024-09-16 18:00:00','admin','2024-09-16 18:00:00',1),(15,5,NULL,4.00,'Highly recommended!','admin','2024-09-16 18:00:00','admin','2024-09-16 18:00:00',1),(16,6,NULL,5.00,'Great value for money!','admin','2024-09-16 18:00:00','admin','2024-09-16 18:00:00',1),(17,6,NULL,3.00,'Very disappointed!','admin','2024-09-16 18:00:00','admin','2024-09-16 18:00:00',1),(18,6,NULL,1.00,'Poor quality!','admin','2024-09-16 18:00:00','admin','2024-09-16 18:00:00',1),(19,7,NULL,1.00,'Disappointing product!','admin','2024-09-16 18:00:00','admin','2024-09-16 18:00:00',1),(20,7,NULL,4.00,'Great product!','admin','2024-09-16 18:00:00','admin','2024-09-16 18:00:00',1),(21,7,NULL,4.00,'Excellent quality!','admin','2024-09-16 18:00:00','admin','2024-09-16 18:00:00',1),(22,8,NULL,5.00,'Fast shipping!','admin','2024-09-16 18:00:00','admin','2024-09-16 18:00:00',1),(23,8,NULL,4.00,'Excellent quality!','admin','2024-09-16 18:00:00','admin','2024-09-16 18:00:00',1),(24,8,NULL,4.00,'Would buy again!','admin','2024-09-16 18:00:00','admin','2024-09-16 18:00:00',1),(25,9,NULL,4.00,'Very satisfied!','admin','2024-09-16 18:00:00','admin','2024-09-16 18:00:00',1),(26,9,NULL,1.00,'Poor quality!','admin','2024-09-16 18:00:00','admin','2024-09-16 18:00:00',1),(27,9,NULL,5.00,'Very happy with my purchase!','admin','2024-09-16 18:00:00','admin','2024-09-16 18:00:00',1),(28,10,NULL,5.00,'Great value for money!','admin','2024-09-16 18:00:00','admin','2024-09-16 18:00:00',1),(29,10,NULL,4.00,'Excellent quality!','admin','2024-09-16 18:00:00','admin','2024-09-16 18:00:00',1),(30,10,NULL,4.00,'Fast shipping!','admin','2024-09-16 18:00:00','admin','2024-09-16 18:00:00',1),(31,11,NULL,4.00,'Great value for money!','admin','2024-09-16 18:00:00','admin','2024-09-16 18:00:00',1),(32,11,NULL,5.00,'Would buy again!','admin','2024-09-16 18:00:00','admin','2024-09-16 18:00:00',1),(33,11,NULL,4.00,'Would buy again!','admin','2024-09-16 18:00:00','admin','2024-09-16 18:00:00',1),(34,12,NULL,5.00,'Very satisfied!','admin','2024-09-16 18:00:00','admin','2024-09-16 18:00:00',1),(35,12,NULL,5.00,'Excellent quality!','admin','2024-09-16 18:00:00','admin','2024-09-16 18:00:00',1),(36,12,NULL,3.00,'Waste of money!','admin','2024-09-16 18:00:00','admin','2024-09-16 18:00:00',1),(37,13,NULL,5.00,'Very happy with my purchase!','admin','2024-09-16 18:00:00','admin','2024-09-16 18:00:00',1),(38,13,NULL,4.00,'Highly recommended!','admin','2024-09-16 18:00:00','admin','2024-09-16 18:00:00',1),(39,13,NULL,4.00,'Very pleased!','admin','2024-09-16 18:00:00','admin','2024-09-16 18:00:00',1),(40,14,NULL,4.00,'Very happy with my purchase!','admin','2024-09-16 18:00:00','admin','2024-09-16 18:00:00',1),(41,14,NULL,4.00,'Would buy again!','admin','2024-09-16 18:00:00','admin','2024-09-16 18:00:00',1),(42,14,NULL,2.00,'Waste of money!','admin','2024-09-16 18:00:00','admin','2024-09-16 18:00:00',1),(43,15,NULL,5.00,'Highly recommended!','admin','2024-09-16 18:00:00','admin','2024-09-16 18:00:00',1),(44,15,NULL,1.00,'Would not recommend!','admin','2024-09-16 18:00:00','admin','2024-09-16 18:00:00',1),(45,15,NULL,2.00,'Not worth the price!','admin','2024-09-16 18:00:00','admin','2024-09-16 18:00:00',1),(46,16,NULL,4.00,'Great product!','admin','2024-09-16 18:00:00','admin','2024-09-16 18:00:00',1),(47,16,NULL,4.00,'Great product!','admin','2024-09-16 18:00:00','admin','2024-09-16 18:00:00',1),(48,16,NULL,1.00,'Not as described!','admin','2024-09-16 18:00:00','admin','2024-09-16 18:00:00',1),(49,17,NULL,4.00,'Very pleased!','admin','2024-09-16 18:00:00','admin','2024-09-16 18:00:00',1),(50,17,NULL,3.00,'Disappointing product!','admin','2024-09-16 18:00:00','admin','2024-09-16 18:00:00',1),(51,17,NULL,4.00,'Very happy with my purchase!','admin','2024-09-16 18:00:00','admin','2024-09-16 18:00:00',1),(52,18,NULL,5.00,'Very pleased!','admin','2024-09-16 18:00:00','admin','2024-09-16 18:00:00',1),(53,18,NULL,5.00,'Very pleased!','admin','2024-09-16 18:00:00','admin','2024-09-16 18:00:00',1),(54,18,NULL,5.00,'Great value for money!','admin','2024-09-16 18:00:00','admin','2024-09-16 18:00:00',1),(55,19,NULL,5.00,'Very satisfied!','admin','2024-09-16 18:00:00','admin','2024-09-16 18:00:00',1),(56,19,NULL,5.00,'Great value for money!','admin','2024-09-16 18:00:00','admin','2024-09-16 18:00:00',1),(57,19,NULL,4.00,'Highly recommended!','admin','2024-09-16 18:00:00','admin','2024-09-16 18:00:00',1),(58,20,NULL,5.00,'Would buy again!','admin','2024-09-16 18:00:00','admin','2024-09-16 18:00:00',1),(59,20,NULL,3.00,'Poor quality!','admin','2024-09-16 18:00:00','admin','2024-09-16 18:00:00',1),(60,20,NULL,5.00,'Would buy again!','admin','2024-09-16 18:00:00','admin','2024-09-16 18:00:00',1),(61,21,NULL,4.00,'Very satisfied!','admin','2024-09-16 18:00:00','admin','2024-09-16 18:00:00',1),(62,21,NULL,5.00,'Fast shipping!','admin','2024-09-16 18:00:00','admin','2024-09-16 18:00:00',1),(63,21,NULL,4.00,'Excellent quality!','admin','2024-09-16 18:00:00','admin','2024-09-16 18:00:00',1),(64,22,NULL,5.00,'Highly impressed!','admin','2024-09-16 18:00:00','admin','2024-09-16 18:00:00',1),(65,22,NULL,4.00,'Highly recommended!','admin','2024-09-16 18:00:00','admin','2024-09-16 18:00:00',1),(66,22,NULL,4.00,'Would buy again!','admin','2024-09-16 18:00:00','admin','2024-09-16 18:00:00',1),(67,23,NULL,2.00,'Very unhappy with my purchase!','admin','2024-09-16 18:00:00','admin','2024-09-16 18:00:00',1),(68,23,NULL,4.00,'Very happy with my purchase!','admin','2024-09-16 18:00:00','admin','2024-09-16 18:00:00',1),(69,23,NULL,5.00,'Very happy with my purchase!','admin','2024-09-16 18:00:00','admin','2024-09-16 18:00:00',1),(70,24,NULL,5.00,'Great value for money!','admin','2024-09-16 18:00:00','admin','2024-09-16 18:00:00',1),(71,24,NULL,4.00,'Would buy again!','admin','2024-09-16 18:00:00','admin','2024-09-16 18:00:00',1),(72,24,NULL,5.00,'Excellent quality!','admin','2024-09-16 18:00:00','admin','2024-09-16 18:00:00',1),(73,25,NULL,4.00,'Excellent quality!','admin','2024-09-16 18:00:00','admin','2024-09-16 18:00:00',1),(74,25,NULL,4.00,'Would buy again!','admin','2024-09-16 18:00:00','admin','2024-09-16 18:00:00',1),(75,25,NULL,5.00,'Would buy again!','admin','2024-09-16 18:00:00','admin','2024-09-16 18:00:00',1),(76,26,NULL,2.00,'Disappointing product!','admin','2024-09-16 18:00:00','admin','2024-09-16 18:00:00',1),(77,26,NULL,5.00,'Very pleased!','admin','2024-09-16 18:00:00','admin','2024-09-16 18:00:00',1),(78,26,NULL,4.00,'Very satisfied!','admin','2024-09-16 18:00:00','admin','2024-09-16 18:00:00',1),(79,27,NULL,4.00,'Fast shipping!','admin','2024-09-16 18:00:00','admin','2024-09-16 18:00:00',1),(80,27,NULL,5.00,'Awesome product!','admin','2024-09-16 18:00:00','admin','2024-09-16 18:00:00',1),(81,27,NULL,5.00,'Highly impressed!','admin','2024-09-16 18:00:00','admin','2024-09-16 18:00:00',1),(82,28,NULL,5.00,'Great product!','admin','2024-09-16 18:00:00','admin','2024-09-16 18:00:00',1),(83,28,NULL,5.00,'Highly impressed!','admin','2024-09-16 18:00:00','admin','2024-09-16 18:00:00',1),(84,28,NULL,5.00,'Very happy with my purchase!','admin','2024-09-16 18:00:00','admin','2024-09-16 18:00:00',1),(85,29,NULL,4.00,'Very satisfied!','admin','2024-09-16 18:00:00','admin','2024-09-16 18:00:00',1),(86,29,NULL,2.00,'Not worth the price!','admin','2024-09-16 18:00:00','admin','2024-09-16 18:00:00',1),(87,29,NULL,4.00,'Excellent quality!','admin','2024-09-16 18:00:00','admin','2024-09-16 18:00:00',1),(88,30,NULL,5.00,'Very pleased!','admin','2024-09-16 18:00:00','admin','2024-09-16 18:00:00',1),(89,30,NULL,5.00,'Very pleased!','admin','2024-09-16 18:00:00','admin','2024-09-16 18:00:00',1),(90,30,NULL,5.00,'Great product!','admin','2024-09-16 18:00:00','admin','2024-09-16 18:00:00',1),(91,31,NULL,4.00,'Highly recommended!','admin','2024-09-16 18:00:00','admin','2024-09-16 18:00:00',1),(92,31,NULL,5.00,'Great product!','admin','2024-09-16 18:00:00','admin','2024-09-16 18:00:00',1),(93,31,NULL,4.00,'Awesome product!','admin','2024-09-16 18:00:00','admin','2024-09-16 18:00:00',1),(94,32,NULL,5.00,'Very pleased!','admin','2024-09-16 18:00:00','admin','2024-09-16 18:00:00',1),(95,32,NULL,5.00,'Awesome product!','admin','2024-09-16 18:00:00','admin','2024-09-16 18:00:00',1),(96,32,NULL,4.00,'Great value for money!','admin','2024-09-16 18:00:00','admin','2024-09-16 18:00:00',1),(97,33,NULL,5.00,'Very satisfied!','admin','2024-09-16 18:00:00','admin','2024-09-16 18:00:00',1),(98,33,NULL,1.00,'Not as described!','admin','2024-09-16 18:00:00','admin','2024-09-16 18:00:00',1),(99,33,NULL,5.00,'Great product!','admin','2024-09-16 18:00:00','admin','2024-09-16 18:00:00',1),(100,34,NULL,4.00,'Great product!','admin','2024-09-16 18:00:00','admin','2024-09-16 18:00:00',1),(101,34,NULL,4.00,'Very pleased!','admin','2024-09-16 18:00:00','admin','2024-09-16 18:00:00',1),(102,34,NULL,4.00,'Highly impressed!','admin','2024-09-16 18:00:00','admin','2024-09-16 18:00:00',1),(103,35,NULL,5.00,'Very pleased!','admin','2024-09-16 18:00:00','admin','2024-09-16 18:00:00',1),(104,35,NULL,1.00,'Would not recommend!','admin','2024-09-16 18:00:00','admin','2024-09-16 18:00:00',1),(105,35,NULL,5.00,'Awesome product!','admin','2024-09-16 18:00:00','admin','2024-09-16 18:00:00',1),(106,36,NULL,1.00,'Very dissatisfied!','admin','2024-09-16 18:00:00','admin','2024-09-16 18:00:00',1),(107,36,NULL,3.00,'Poor quality!','admin','2024-09-16 18:00:00','admin','2024-09-16 18:00:00',1),(108,36,NULL,1.00,'Very unhappy with my purchase!','admin','2024-09-16 18:00:00','admin','2024-09-16 18:00:00',1),(109,37,NULL,5.00,'Very happy with my purchase!','admin','2024-09-16 18:00:00','admin','2024-09-16 18:00:00',1),(110,37,NULL,2.00,'Would not recommend!','admin','2024-09-16 18:00:00','admin','2024-09-16 18:00:00',1),(111,37,NULL,3.00,'Very dissatisfied!','admin','2024-09-16 18:00:00','admin','2024-09-16 18:00:00',1),(112,38,NULL,5.00,'Highly impressed!','admin','2024-09-16 18:00:00','admin','2024-09-16 18:00:00',1),(113,38,NULL,4.00,'Great value for money!','admin','2024-09-16 18:00:00','admin','2024-09-16 18:00:00',1),(114,38,NULL,4.00,'Awesome product!','admin','2024-09-16 18:00:00','admin','2024-09-16 18:00:00',1),(115,39,NULL,3.00,'Very dissatisfied!','admin','2024-09-16 18:00:00','admin','2024-09-16 18:00:00',1),(116,39,NULL,4.00,'Highly impressed!','admin','2024-09-16 18:00:00','admin','2024-09-16 18:00:00',1),(117,39,NULL,4.00,'Awesome product!','admin','2024-09-16 18:00:00','admin','2024-09-16 18:00:00',1),(118,40,NULL,5.00,'Highly recommended!','admin','2024-09-16 18:00:00','admin','2024-09-16 18:00:00',1),(119,40,NULL,5.00,'Great product!','admin','2024-09-16 18:00:00','admin','2024-09-16 18:00:00',1),(120,40,NULL,1.00,'Disappointing product!','admin','2024-09-16 18:00:00','admin','2024-09-16 18:00:00',1),(121,41,NULL,4.00,'Great product!','admin','2024-09-16 18:00:00','admin','2024-09-16 18:00:00',1),(122,41,NULL,5.00,'Very pleased!','admin','2024-09-16 18:00:00','admin','2024-09-16 18:00:00',1),(123,41,NULL,5.00,'Great product!','admin','2024-09-16 18:00:00','admin','2024-09-16 18:00:00',1),(124,42,NULL,4.00,'Highly recommended!','admin','2024-09-16 18:00:00','admin','2024-09-16 18:00:00',1),(125,42,NULL,4.00,'Great product!','admin','2024-09-16 18:00:00','admin','2024-09-16 18:00:00',1),(126,42,NULL,5.00,'Great value for money!','admin','2024-09-16 18:00:00','admin','2024-09-16 18:00:00',1),(127,43,NULL,5.00,'Highly recommended!','admin','2024-09-16 18:00:00','admin','2024-09-16 18:00:00',1),(128,43,NULL,5.00,'Highly impressed!','admin','2024-09-16 18:00:00','admin','2024-09-16 18:00:00',1),(129,43,NULL,5.00,'Great product!','admin','2024-09-16 18:00:00','admin','2024-09-16 18:00:00',1),(130,44,NULL,1.00,'Disappointing product!','admin','2024-09-16 18:00:00','admin','2024-09-16 18:00:00',1),(131,44,NULL,4.00,'Very pleased!','admin','2024-09-16 18:00:00','admin','2024-09-16 18:00:00',1),(132,44,NULL,3.00,'Disappointing product!','admin','2024-09-16 18:00:00','admin','2024-09-16 18:00:00',1),(133,45,NULL,5.00,'Great value for money!','admin','2024-09-16 18:00:00','admin','2024-09-16 18:00:00',1),(134,45,NULL,2.00,'Very unhappy with my purchase!','admin','2024-09-16 18:00:00','admin','2024-09-16 18:00:00',1),(135,45,NULL,5.00,'Highly recommended!','admin','2024-09-16 18:00:00','admin','2024-09-16 18:00:00',1),(136,46,NULL,4.00,'Fast shipping!','admin','2024-09-16 18:00:00','admin','2024-09-16 18:00:00',1),(137,46,NULL,5.00,'Awesome product!','admin','2024-09-16 18:00:00','admin','2024-09-16 18:00:00',1),(138,46,NULL,4.00,'Highly recommended!','admin','2024-09-16 18:00:00','admin','2024-09-16 18:00:00',1),(139,47,NULL,3.00,'Not worth the price!','admin','2024-09-16 18:00:00','admin','2024-09-16 18:00:00',1),(140,47,NULL,5.00,'Very satisfied!','admin','2024-09-16 18:00:00','admin','2024-09-16 18:00:00',1),(141,47,NULL,1.00,'Waste of money!','admin','2024-09-16 18:00:00','admin','2024-09-16 18:00:00',1),(142,48,NULL,4.00,'Very happy with my purchase!','admin','2024-09-16 18:00:00','admin','2024-09-16 18:00:00',1),(143,48,NULL,5.00,'Fast shipping!','admin','2024-09-16 18:00:00','admin','2024-09-16 18:00:00',1),(144,48,NULL,4.00,'Great product!','admin','2024-09-16 18:00:00','admin','2024-09-16 18:00:00',1),(145,49,NULL,4.00,'Great value for money!','admin','2024-09-16 18:00:00','admin','2024-09-16 18:00:00',1),(146,49,NULL,2.00,'Waste of money!','admin','2024-09-16 18:00:00','admin','2024-09-16 18:00:00',1),(147,49,NULL,2.00,'Would not recommend!','admin','2024-09-16 18:00:00','admin','2024-09-16 18:00:00',1),(148,50,NULL,1.00,'Disappointing product!','admin','2024-09-16 18:00:00','admin','2024-09-16 18:00:00',1),(149,50,NULL,3.00,'Would not buy again!','admin','2024-09-16 18:00:00','admin','2024-09-16 18:00:00',1),(150,50,NULL,4.00,'Great value for money!','admin','2024-09-16 18:00:00','admin','2024-09-16 18:00:00',1),(151,51,NULL,5.00,'Highly recommended!','admin','2024-09-16 18:00:00','admin','2024-09-16 18:00:00',1),(152,51,NULL,1.00,'Very disappointed!','admin','2024-09-16 18:00:00','admin','2024-09-16 18:00:00',1),(153,51,NULL,5.00,'Very satisfied!','admin','2024-09-16 18:00:00','admin','2024-09-16 18:00:00',1),(154,52,NULL,4.00,'Highly impressed!','admin','2024-09-16 18:00:00','admin','2024-09-16 18:00:00',1),(155,52,NULL,4.00,'Highly impressed!','admin','2024-09-16 18:00:00','admin','2024-09-16 18:00:00',1),(156,52,NULL,4.00,'Highly recommended!','admin','2024-09-16 18:00:00','admin','2024-09-16 18:00:00',1),(157,53,NULL,1.00,'Very disappointed!','admin','2024-09-16 18:00:00','admin','2024-09-16 18:00:00',1),(158,53,NULL,5.00,'Fast shipping!','admin','2024-09-16 18:00:00','admin','2024-09-16 18:00:00',1),(159,53,NULL,4.00,'Would buy again!','admin','2024-09-16 18:00:00','admin','2024-09-16 18:00:00',1),(160,54,NULL,5.00,'Very satisfied!','admin','2024-09-16 18:00:00','admin','2024-09-16 18:00:00',1),(161,54,NULL,4.00,'Very happy with my purchase!','admin','2024-09-16 18:00:00','admin','2024-09-16 18:00:00',1),(162,54,NULL,1.00,'Not as described!','admin','2024-09-16 18:00:00','admin','2024-09-16 18:00:00',1),(163,55,NULL,5.00,'Excellent quality!','admin','2024-09-16 18:00:00','admin','2024-09-16 18:00:00',1),(164,55,NULL,1.00,'Very unhappy with my purchase!','admin','2024-09-16 18:00:00','admin','2024-09-16 18:00:00',1),(165,55,NULL,5.00,'Great product!','admin','2024-09-16 18:00:00','admin','2024-09-16 18:00:00',1),(166,56,NULL,4.00,'Great product!','admin','2024-09-16 18:00:00','admin','2024-09-16 18:00:00',1),(167,56,NULL,4.00,'Awesome product!','admin','2024-09-16 18:00:00','admin','2024-09-16 18:00:00',1),(168,56,NULL,2.00,'Very dissatisfied!','admin','2024-09-16 18:00:00','admin','2024-09-16 18:00:00',1),(169,57,NULL,4.00,'Would buy again!','admin','2024-09-16 18:00:00','admin','2024-09-16 18:00:00',1),(170,57,NULL,5.00,'Fast shipping!','admin','2024-09-16 18:00:00','admin','2024-09-16 18:00:00',1),(171,57,NULL,5.00,'Excellent quality!','admin','2024-09-16 18:00:00','admin','2024-09-16 18:00:00',1),(172,58,NULL,5.00,'Fast shipping!','admin','2024-09-16 18:00:00','admin','2024-09-16 18:00:00',1),(173,58,NULL,4.00,'Excellent quality!','admin','2024-09-16 18:00:00','admin','2024-09-16 18:00:00',1),(174,58,NULL,1.00,'Very unhappy with my purchase!','admin','2024-09-16 18:00:00','admin','2024-09-16 18:00:00',1),(175,59,NULL,1.00,'Waste of money!','admin','2024-09-16 18:00:00','admin','2024-09-16 18:00:00',1),(176,59,NULL,4.00,'Excellent quality!','admin','2024-09-16 18:00:00','admin','2024-09-16 18:00:00',1),(177,59,NULL,2.00,'Very dissatisfied!','admin','2024-09-16 18:00:00','admin','2024-09-16 18:00:00',1),(178,60,NULL,4.00,'Highly impressed!','admin','2024-09-16 18:00:00','admin','2024-09-16 18:00:00',1),(179,60,NULL,4.00,'Awesome product!','admin','2024-09-16 18:00:00','admin','2024-09-16 18:00:00',1),(180,60,NULL,5.00,'Great value for money!','admin','2024-09-16 18:00:00','admin','2024-09-16 18:00:00',1),(181,61,NULL,4.00,'Highly recommended!','admin','2024-09-16 18:00:00','admin','2024-09-16 18:00:00',1),(182,61,NULL,5.00,'Very pleased!','admin','2024-09-16 18:00:00','admin','2024-09-16 18:00:00',1),(183,61,NULL,5.00,'Highly impressed!','admin','2024-09-16 18:00:00','admin','2024-09-16 18:00:00',1),(184,62,NULL,5.00,'Excellent quality!','admin','2024-09-16 18:00:00','admin','2024-09-16 18:00:00',1),(185,62,NULL,4.00,'Very happy with my purchase!','admin','2024-09-16 18:00:00','admin','2024-09-16 18:00:00',1),(186,62,NULL,4.00,'Highly impressed!','admin','2024-09-16 18:00:00','admin','2024-09-16 18:00:00',1),(187,63,NULL,4.00,'Awesome product!','admin','2024-09-16 18:00:00','admin','2024-09-16 18:00:00',1),(188,63,NULL,5.00,'Great product!','admin','2024-09-16 18:00:00','admin','2024-09-16 18:00:00',1),(189,63,NULL,4.00,'Great value for money!','admin','2024-09-16 18:00:00','admin','2024-09-16 18:00:00',1),(190,64,NULL,5.00,'Great product!','admin','2024-09-16 18:00:00','admin','2024-09-16 18:00:00',1),(191,64,NULL,4.00,'Awesome product!','admin','2024-09-16 18:00:00','admin','2024-09-16 18:00:00',1),(192,64,NULL,5.00,'Excellent quality!','admin','2024-09-16 18:00:00','admin','2024-09-16 18:00:00',1),(193,65,NULL,5.00,'Great product!','admin','2024-09-16 18:00:00','admin','2024-09-16 18:00:00',1),(194,65,NULL,4.00,'Excellent quality!','admin','2024-09-16 18:00:00','admin','2024-09-16 18:00:00',1),(195,65,NULL,4.00,'Very happy with my purchase!','admin','2024-09-16 18:00:00','admin','2024-09-16 18:00:00',1),(196,66,NULL,5.00,'Would buy again!','admin','2024-09-16 18:00:00','admin','2024-09-16 18:00:00',1),(197,66,NULL,4.00,'Highly impressed!','admin','2024-09-16 18:00:00','admin','2024-09-16 18:00:00',1),(198,66,NULL,5.00,'Awesome product!','admin','2024-09-16 18:00:00','admin','2024-09-16 18:00:00',1),(199,67,NULL,3.00,'Not as described!','admin','2024-09-16 18:00:00','admin','2024-09-16 18:00:00',1),(200,67,NULL,1.00,'Would not recommend!','admin','2024-09-16 18:00:00','admin','2024-09-16 18:00:00',1),(201,67,NULL,1.00,'Not worth the price!','admin','2024-09-16 18:00:00','admin','2024-09-16 18:00:00',1),(202,68,NULL,4.00,'Excellent quality!','admin','2024-09-16 18:00:00','admin','2024-09-16 18:00:00',1),(203,68,NULL,4.00,'Awesome product!','admin','2024-09-16 18:00:00','admin','2024-09-16 18:00:00',1),(204,68,NULL,5.00,'Very happy with my purchase!','admin','2024-09-16 18:00:00','admin','2024-09-16 18:00:00',1),(205,69,NULL,3.00,'Poor quality!','admin','2024-09-16 18:00:00','admin','2024-09-16 18:00:00',1),(206,69,NULL,5.00,'Great value for money!','admin','2024-09-16 18:00:00','admin','2024-09-16 18:00:00',1),(207,69,NULL,1.00,'Very disappointed!','admin','2024-09-16 18:00:00','admin','2024-09-16 18:00:00',1),(208,70,NULL,2.00,'Would not recommend!','admin','2024-09-16 18:00:00','admin','2024-09-16 18:00:00',1),(209,70,NULL,5.00,'Great product!','admin','2024-09-16 18:00:00','admin','2024-09-16 18:00:00',1),(210,70,NULL,4.00,'Great value for money!','admin','2024-09-16 18:00:00','admin','2024-09-16 18:00:00',1),(211,71,NULL,5.00,'Highly impressed!','admin','2024-09-16 18:00:00','admin','2024-09-16 18:00:00',1),(212,71,NULL,3.00,'Not worth the price!','admin','2024-09-16 18:00:00','admin','2024-09-16 18:00:00',1),(213,71,NULL,4.00,'Excellent quality!','admin','2024-09-16 18:00:00','admin','2024-09-16 18:00:00',1),(214,72,NULL,4.00,'Great value for money!','admin','2024-09-16 18:00:00','admin','2024-09-16 18:00:00',1),(215,72,NULL,5.00,'Very happy with my purchase!','admin','2024-09-16 18:00:00','admin','2024-09-16 18:00:00',1),(216,72,NULL,5.00,'Very happy with my purchase!','admin','2024-09-16 18:00:00','admin','2024-09-16 18:00:00',1),(217,73,NULL,4.00,'Fast shipping!','admin','2024-09-16 18:00:00','admin','2024-09-16 18:00:00',1),(218,73,NULL,5.00,'Great product!','admin','2024-09-16 18:00:00','admin','2024-09-16 18:00:00',1),(219,73,NULL,5.00,'Very happy with my purchase!','admin','2024-09-16 18:00:00','admin','2024-09-16 18:00:00',1),(220,74,NULL,5.00,'Very happy with my purchase!','admin','2024-09-16 18:00:00','admin','2024-09-16 18:00:00',1),(221,74,NULL,5.00,'Great product!','admin','2024-09-16 18:00:00','admin','2024-09-16 18:00:00',1),(222,74,NULL,5.00,'Great value for money!','admin','2024-09-16 18:00:00','admin','2024-09-16 18:00:00',1),(223,75,NULL,4.00,'Great product!','admin','2024-09-16 18:00:00','admin','2024-09-16 18:00:00',1),(224,75,NULL,3.00,'Not worth the price!','admin','2024-09-16 18:00:00','admin','2024-09-16 18:00:00',1),(225,75,NULL,4.00,'Excellent quality!','admin','2024-09-16 18:00:00','admin','2024-09-16 18:00:00',1),(226,76,NULL,4.00,'Great product!','admin','2024-09-16 18:00:00','admin','2024-09-16 18:00:00',1),(227,76,NULL,1.00,'Would not recommend!','admin','2024-09-16 18:00:00','admin','2024-09-16 18:00:00',1),(228,76,NULL,4.00,'Excellent quality!','admin','2024-09-16 18:00:00','admin','2024-09-16 18:00:00',1),(229,77,NULL,5.00,'Highly impressed!','admin','2024-09-16 18:00:00','admin','2024-09-16 18:00:00',1),(230,77,NULL,5.00,'Highly impressed!','admin','2024-09-16 18:00:00','admin','2024-09-16 18:00:00',1),(231,77,NULL,5.00,'Very happy with my purchase!','admin','2024-09-16 18:00:00','admin','2024-09-16 18:00:00',1),(232,78,NULL,5.00,'Would buy again!','admin','2024-09-16 18:00:00','admin','2024-09-16 18:00:00',1),(233,78,NULL,5.00,'Would buy again!','admin','2024-09-16 18:00:00','admin','2024-09-16 18:00:00',1),(234,78,NULL,5.00,'Very pleased!','admin','2024-09-16 18:00:00','admin','2024-09-16 18:00:00',1),(235,79,NULL,5.00,'Very satisfied!','admin','2024-09-16 18:00:00','admin','2024-09-16 18:00:00',1),(236,79,NULL,1.00,'Very disappointed!','admin','2024-09-16 18:00:00','admin','2024-09-16 18:00:00',1),(237,79,NULL,5.00,'Great value for money!','admin','2024-09-16 18:00:00','admin','2024-09-16 18:00:00',1),(238,80,NULL,4.00,'Great value for money!','admin','2024-09-16 18:00:00','admin','2024-09-16 18:00:00',1),(239,80,NULL,2.00,'Would not buy again!','admin','2024-09-16 18:00:00','admin','2024-09-16 18:00:00',1),(240,80,NULL,5.00,'Very satisfied!','admin','2024-09-16 18:00:00','admin','2024-09-16 18:00:00',1),(241,81,NULL,4.00,'Very happy with my purchase!','admin','2024-09-16 18:00:00','admin','2024-09-16 18:00:00',1),(242,81,NULL,4.00,'Very pleased!','admin','2024-09-16 18:00:00','admin','2024-09-16 18:00:00',1),(243,81,NULL,4.00,'Great product!','admin','2024-09-16 18:00:00','admin','2024-09-16 18:00:00',1),(244,82,NULL,3.00,'Very disappointed!','admin','2024-09-16 18:00:00','admin','2024-09-16 18:00:00',1),(245,82,NULL,4.00,'Very pleased!','admin','2024-09-16 18:00:00','admin','2024-09-16 18:00:00',1),(246,82,NULL,5.00,'Great product!','admin','2024-09-16 18:00:00','admin','2024-09-16 18:00:00',1),(247,83,NULL,4.00,'Highly recommended!','admin','2024-09-16 18:00:00','admin','2024-09-16 18:00:00',1),(248,83,NULL,5.00,'Highly impressed!','admin','2024-09-16 18:00:00','admin','2024-09-16 18:00:00',1),(249,83,NULL,5.00,'Fast shipping!','admin','2024-09-16 18:00:00','admin','2024-09-16 18:00:00',1),(250,84,NULL,4.00,'Highly recommended!','admin','2024-09-16 18:00:00','admin','2024-09-16 18:00:00',1),(251,84,NULL,4.00,'Great value for money!','admin','2024-09-16 18:00:00','admin','2024-09-16 18:00:00',1),(252,84,NULL,5.00,'Great value for money!','admin','2024-09-16 18:00:00','admin','2024-09-16 18:00:00',1),(253,85,NULL,3.00,'Would not buy again!','admin','2024-09-16 18:00:00','admin','2024-09-16 18:00:00',1),(254,85,NULL,1.00,'Very disappointed!','admin','2024-09-16 18:00:00','admin','2024-09-16 18:00:00',1),(255,85,NULL,4.00,'Awesome product!','admin','2024-09-16 18:00:00','admin','2024-09-16 18:00:00',1),(256,86,NULL,5.00,'Great value for money!','admin','2024-09-16 18:00:00','admin','2024-09-16 18:00:00',1),(257,86,NULL,1.00,'Disappointing product!','admin','2024-09-16 18:00:00','admin','2024-09-16 18:00:00',1),(258,86,NULL,4.00,'Great product!','admin','2024-09-16 18:00:00','admin','2024-09-16 18:00:00',1),(259,87,NULL,1.00,'Would not buy again!','admin','2024-09-16 18:00:00','admin','2024-09-16 18:00:00',1),(260,87,NULL,1.00,'Very dissatisfied!','admin','2024-09-16 18:00:00','admin','2024-09-16 18:00:00',1),(261,87,NULL,4.00,'Great product!','admin','2024-09-16 18:00:00','admin','2024-09-16 18:00:00',1),(262,88,NULL,2.00,'Very unhappy with my purchase!','admin','2024-09-16 18:00:00','admin','2024-09-16 18:00:00',1),(263,88,NULL,4.00,'Great product!','admin','2024-09-16 18:00:00','admin','2024-09-16 18:00:00',1),(264,88,NULL,5.00,'Fast shipping!','admin','2024-09-16 18:00:00','admin','2024-09-16 18:00:00',1),(265,89,NULL,5.00,'Very happy with my purchase!','admin','2024-09-16 18:00:00','admin','2024-09-16 18:00:00',1),(266,89,NULL,2.00,'Not worth the price!','admin','2024-09-16 18:00:00','admin','2024-09-16 18:00:00',1),(267,89,NULL,4.00,'Very satisfied!','admin','2024-09-16 18:00:00','admin','2024-09-16 18:00:00',1),(268,90,NULL,5.00,'Very happy with my purchase!','admin','2024-09-16 18:00:00','admin','2024-09-16 18:00:00',1),(269,90,NULL,4.00,'Awesome product!','admin','2024-09-16 18:00:00','admin','2024-09-16 18:00:00',1),(270,90,NULL,4.00,'Very satisfied!','admin','2024-09-16 18:00:00','admin','2024-09-16 18:00:00',1),(271,91,NULL,3.00,'Not worth the price!','admin','2024-09-16 18:00:00','admin','2024-09-16 18:00:00',1),(272,91,NULL,1.00,'Very unhappy with my purchase!','admin','2024-09-16 18:00:00','admin','2024-09-16 18:00:00',1),(273,91,NULL,4.00,'Excellent quality!','admin','2024-09-16 18:00:00','admin','2024-09-16 18:00:00',1),(274,92,NULL,5.00,'Fast shipping!','admin','2024-09-16 18:00:00','admin','2024-09-16 18:00:00',1),(275,92,NULL,5.00,'Awesome product!','admin','2024-09-16 18:00:00','admin','2024-09-16 18:00:00',1),(276,92,NULL,4.00,'Very pleased!','admin','2024-09-16 18:00:00','admin','2024-09-16 18:00:00',1),(277,93,NULL,3.00,'Very dissatisfied!','admin','2024-09-16 18:00:00','admin','2024-09-16 18:00:00',1),(278,93,NULL,4.00,'Fast shipping!','admin','2024-09-16 18:00:00','admin','2024-09-16 18:00:00',1),(279,93,NULL,4.00,'Highly impressed!','admin','2024-09-16 18:00:00','admin','2024-09-16 18:00:00',1),(280,94,NULL,4.00,'Great product!','admin','2024-09-16 18:00:00','admin','2024-09-16 18:00:00',1),(281,94,NULL,4.00,'Highly recommended!','admin','2024-09-16 18:00:00','admin','2024-09-16 18:00:00',1),(282,94,NULL,4.00,'Highly impressed!','admin','2024-09-16 18:00:00','admin','2024-09-16 18:00:00',1),(283,95,NULL,5.00,'Very pleased!','admin','2024-09-16 18:00:00','admin','2024-09-16 18:00:00',1),(284,95,NULL,4.00,'Highly impressed!','admin','2024-09-16 18:00:00','admin','2024-09-16 18:00:00',1),(285,95,NULL,4.00,'Would buy again!','admin','2024-09-16 18:00:00','admin','2024-09-16 18:00:00',1),(286,96,NULL,4.00,'Very happy with my purchase!','admin','2024-09-16 18:00:00','admin','2024-09-16 18:00:00',1),(287,96,NULL,5.00,'Very satisfied!','admin','2024-09-16 18:00:00','admin','2024-09-16 18:00:00',1),(288,96,NULL,4.00,'Very satisfied!','admin','2024-09-16 18:00:00','admin','2024-09-16 18:00:00',1),(289,97,NULL,5.00,'Highly impressed!','admin','2024-09-16 18:00:00','admin','2024-09-16 18:00:00',1),(290,97,NULL,4.00,'Would buy again!','admin','2024-09-16 18:00:00','admin','2024-09-16 18:00:00',1),(291,97,NULL,4.00,'Awesome product!','admin','2024-09-16 18:00:00','admin','2024-09-16 18:00:00',1),(292,98,NULL,2.00,'Very dissatisfied!','admin','2024-09-16 18:00:00','admin','2024-09-16 18:00:00',1),(293,98,NULL,5.00,'Highly impressed!','admin','2024-09-16 18:00:00','admin','2024-09-16 18:00:00',1),(294,98,NULL,2.00,'Would not recommend!','admin','2024-09-16 18:00:00','admin','2024-09-16 18:00:00',1),(295,99,NULL,4.00,'Highly recommended!','admin','2024-09-16 18:00:00','admin','2024-09-16 18:00:00',1),(296,99,NULL,4.00,'Fast shipping!','admin','2024-09-16 18:00:00','admin','2024-09-16 18:00:00',1),(297,99,NULL,4.00,'Very pleased!','admin','2024-09-16 18:00:00','admin','2024-09-16 18:00:00',1),(298,100,NULL,3.00,'Waste of money!','admin','2024-09-16 18:00:00','admin','2024-09-16 18:00:00',1),(299,100,NULL,2.00,'Waste of money!','admin','2024-09-16 18:00:00','admin','2024-09-16 18:00:00',1),(300,100,NULL,3.00,'Not worth the price!','admin','2024-09-16 18:00:00','admin','2024-09-16 18:00:00',1),(301,101,NULL,1.00,'Waste of money!','admin','2024-09-16 18:00:00','admin','2024-09-16 18:00:00',1),(302,101,NULL,3.00,'Not as described!','admin','2024-09-16 18:00:00','admin','2024-09-16 18:00:00',1),(303,101,NULL,5.00,'Excellent quality!','admin','2024-09-16 18:00:00','admin','2024-09-16 18:00:00',1),(304,102,NULL,5.00,'Awesome product!','admin','2024-09-16 18:00:00','admin','2024-09-16 18:00:00',1),(305,102,NULL,4.00,'Very pleased!','admin','2024-09-16 18:00:00','admin','2024-09-16 18:00:00',1),(306,102,NULL,5.00,'Very pleased!','admin','2024-09-16 18:00:00','admin','2024-09-16 18:00:00',1),(307,103,NULL,3.00,'Very dissatisfied!','admin','2024-09-16 18:00:00','admin','2024-09-16 18:00:00',1),(308,103,NULL,1.00,'Very unhappy with my purchase!','admin','2024-09-16 18:00:00','admin','2024-09-16 18:00:00',1),(309,103,NULL,4.00,'Would buy again!','admin','2024-09-16 18:00:00','admin','2024-09-16 18:00:00',1),(310,104,NULL,5.00,'Very satisfied!','admin','2024-09-16 18:00:00','admin','2024-09-16 18:00:00',1),(311,104,NULL,4.00,'Very pleased!','admin','2024-09-16 18:00:00','admin','2024-09-16 18:00:00',1),(312,104,NULL,5.00,'Highly recommended!','admin','2024-09-16 18:00:00','admin','2024-09-16 18:00:00',1),(313,105,NULL,5.00,'Very pleased!','admin','2024-09-16 18:00:00','admin','2024-09-16 18:00:00',1),(314,105,NULL,5.00,'Very satisfied!','admin','2024-09-16 18:00:00','admin','2024-09-16 18:00:00',1),(315,105,NULL,5.00,'Very pleased!','admin','2024-09-16 18:00:00','admin','2024-09-16 18:00:00',1),(316,106,NULL,3.00,'Would not buy again!','admin','2024-09-16 18:00:00','admin','2024-09-16 18:00:00',1),(317,106,NULL,1.00,'Poor quality!','admin','2024-09-16 18:00:00','admin','2024-09-16 18:00:00',1),(318,106,NULL,4.00,'Fast shipping!','admin','2024-09-16 18:00:00','admin','2024-09-16 18:00:00',1),(319,107,NULL,5.00,'Very satisfied!','admin','2024-09-16 18:00:00','admin','2024-09-16 18:00:00',1),(320,107,NULL,4.00,'Awesome product!','admin','2024-09-16 18:00:00','admin','2024-09-16 18:00:00',1),(321,107,NULL,5.00,'Very satisfied!','admin','2024-09-16 18:00:00','admin','2024-09-16 18:00:00',1),(322,108,NULL,1.00,'Very disappointed!','admin','2024-09-16 18:00:00','admin','2024-09-16 18:00:00',1),(323,108,NULL,1.00,'Would not recommend!','admin','2024-09-16 18:00:00','admin','2024-09-16 18:00:00',1),(324,108,NULL,4.00,'Highly recommended!','admin','2024-09-16 18:00:00','admin','2024-09-16 18:00:00',1),(325,109,NULL,4.00,'Very pleased!','admin','2024-09-16 18:00:00','admin','2024-09-16 18:00:00',1),(326,109,NULL,4.00,'Excellent quality!','admin','2024-09-16 18:00:00','admin','2024-09-16 18:00:00',1),(327,109,NULL,4.00,'Fast shipping!','admin','2024-09-16 18:00:00','admin','2024-09-16 18:00:00',1),(328,110,NULL,5.00,'Very happy with my purchase!','admin','2024-09-16 18:00:00','admin','2024-09-16 18:00:00',1),(329,110,NULL,5.00,'Excellent quality!','admin','2024-09-16 18:00:00','admin','2024-09-16 18:00:00',1),(330,110,NULL,3.00,'Would not buy again!','admin','2024-09-16 18:00:00','admin','2024-09-16 18:00:00',1),(331,111,NULL,5.00,'Great product!','admin','2024-09-16 18:00:00','admin','2024-09-16 18:00:00',1),(332,111,NULL,4.00,'Very happy with my purchase!','admin','2024-09-16 18:00:00','admin','2024-09-16 18:00:00',1),(333,111,NULL,1.00,'Would not recommend!','admin','2024-09-16 18:00:00','admin','2024-09-16 18:00:00',1),(334,112,NULL,5.00,'Very pleased!','admin','2024-09-16 18:00:00','admin','2024-09-16 18:00:00',1),(335,112,NULL,1.00,'Would not recommend!','admin','2024-09-16 18:00:00','admin','2024-09-16 18:00:00',1),(336,112,NULL,3.00,'Would not buy again!','admin','2024-09-16 18:00:00','admin','2024-09-16 18:00:00',1),(337,113,NULL,4.00,'Would buy again!','admin','2024-09-16 18:00:00','admin','2024-09-16 18:00:00',1),(338,113,NULL,5.00,'Fast shipping!','admin','2024-09-16 18:00:00','admin','2024-09-16 18:00:00',1),(339,113,NULL,3.00,'Would not buy again!','admin','2024-09-16 18:00:00','admin','2024-09-16 18:00:00',1),(340,114,NULL,4.00,'Very satisfied!','admin','2024-09-16 18:00:00','admin','2024-09-16 18:00:00',1),(341,114,NULL,4.00,'Great product!','admin','2024-09-16 18:00:00','admin','2024-09-16 18:00:00',1),(342,114,NULL,3.00,'Would not buy again!','admin','2024-09-16 18:00:00','admin','2024-09-16 18:00:00',1),(343,115,NULL,1.00,'Not as described!','admin','2024-09-16 18:00:00','admin','2024-09-16 18:00:00',1),(344,115,NULL,4.00,'Very pleased!','admin','2024-09-16 18:00:00','admin','2024-09-16 18:00:00',1),(345,115,NULL,5.00,'Excellent quality!','admin','2024-09-16 18:00:00','admin','2024-09-16 18:00:00',1),(346,116,NULL,4.00,'Great product!','admin','2024-09-16 18:00:00','admin','2024-09-16 18:00:00',1),(347,116,NULL,5.00,'Would buy again!','admin','2024-09-16 18:00:00','admin','2024-09-16 18:00:00',1),(348,116,NULL,5.00,'Highly recommended!','admin','2024-09-16 18:00:00','admin','2024-09-16 18:00:00',1),(349,117,NULL,2.00,'Disappointing product!','admin','2024-09-16 18:00:00','admin','2024-09-16 18:00:00',1),(350,117,NULL,3.00,'Very unhappy with my purchase!','admin','2024-09-16 18:00:00','admin','2024-09-16 18:00:00',1),(351,117,NULL,4.00,'Very pleased!','admin','2024-09-16 18:00:00','admin','2024-09-16 18:00:00',1),(352,118,NULL,2.00,'Would not buy again!','admin','2024-09-16 18:00:00','admin','2024-09-16 18:00:00',1),(353,118,NULL,4.00,'Fast shipping!','admin','2024-09-16 18:00:00','admin','2024-09-16 18:00:00',1),(354,118,NULL,4.00,'Very happy with my purchase!','admin','2024-09-16 18:00:00','admin','2024-09-16 18:00:00',1),(355,119,NULL,3.00,'Disappointing product!','admin','2024-09-16 18:00:00','admin','2024-09-16 18:00:00',1),(356,119,NULL,3.00,'Poor quality!','admin','2024-09-16 18:00:00','admin','2024-09-16 18:00:00',1),(357,119,NULL,2.00,'Waste of money!','admin','2024-09-16 18:00:00','admin','2024-09-16 18:00:00',1),(358,120,NULL,5.00,'Great product!','admin','2024-09-16 18:00:00','admin','2024-09-16 18:00:00',1),(359,120,NULL,4.00,'Awesome product!','admin','2024-09-16 18:00:00','admin','2024-09-16 18:00:00',1),(360,120,NULL,4.00,'Very happy with my purchase!','admin','2024-09-16 18:00:00','admin','2024-09-16 18:00:00',1),(361,121,NULL,4.00,'Highly impressed!','admin','2024-09-16 18:00:00','admin','2024-09-16 18:00:00',1),(362,121,NULL,5.00,'Awesome product!','admin','2024-09-16 18:00:00','admin','2024-09-16 18:00:00',1),(363,121,NULL,4.00,'Highly recommended!','admin','2024-09-16 18:00:00','admin','2024-09-16 18:00:00',1),(364,122,NULL,5.00,'Would buy again!','admin','2024-09-16 18:00:00','admin','2024-09-16 18:00:00',1),(365,122,NULL,5.00,'Great product!','admin','2024-09-16 18:00:00','admin','2024-09-16 18:00:00',1),(366,122,NULL,3.00,'Not as described!','admin','2024-09-16 18:00:00','admin','2024-09-16 18:00:00',1),(367,123,NULL,5.00,'Highly impressed!','admin','2024-09-16 18:00:00','admin','2024-09-16 18:00:00',1),(368,123,NULL,4.00,'Great product!','admin','2024-09-16 18:00:00','admin','2024-09-16 18:00:00',1),(369,123,NULL,2.00,'Poor quality!','admin','2024-09-16 18:00:00','admin','2024-09-16 18:00:00',1),(370,124,NULL,1.00,'Very unhappy with my purchase!','admin','2024-09-16 18:00:00','admin','2024-09-16 18:00:00',1),(371,124,NULL,5.00,'Very satisfied!','admin','2024-09-16 18:00:00','admin','2024-09-16 18:00:00',1),(372,124,NULL,4.00,'Fast shipping!','admin','2024-09-16 18:00:00','admin','2024-09-16 18:00:00',1),(373,125,NULL,2.00,'Not worth the price!','admin','2024-09-16 18:00:00','admin','2024-09-16 18:00:00',1),(374,125,NULL,4.00,'Fast shipping!','admin','2024-09-16 18:00:00','admin','2024-09-16 18:00:00',1),(375,125,NULL,2.00,'Very dissatisfied!','admin','2024-09-16 18:00:00','admin','2024-09-16 18:00:00',1),(376,126,NULL,4.00,'Would buy again!','admin','2024-09-16 18:00:00','admin','2024-09-16 18:00:00',1),(377,126,NULL,5.00,'Very pleased!','admin','2024-09-16 18:00:00','admin','2024-09-16 18:00:00',1),(378,126,NULL,3.00,'Would not recommend!','admin','2024-09-16 18:00:00','admin','2024-09-16 18:00:00',1),(379,127,NULL,2.00,'Would not buy again!','admin','2024-09-16 18:00:00','admin','2024-09-16 18:00:00',1),(380,127,NULL,4.00,'Very satisfied!','admin','2024-09-16 18:00:00','admin','2024-09-16 18:00:00',1),(381,127,NULL,5.00,'Very happy with my purchase!','admin','2024-09-16 18:00:00','admin','2024-09-16 18:00:00',1),(382,128,NULL,5.00,'Very happy with my purchase!','admin','2024-09-16 18:00:00','admin','2024-09-16 18:00:00',1),(383,128,NULL,3.00,'Waste of money!','admin','2024-09-16 18:00:00','admin','2024-09-16 18:00:00',1),(384,128,NULL,5.00,'Great product!','admin','2024-09-16 18:00:00','admin','2024-09-16 18:00:00',1),(385,129,NULL,4.00,'Highly recommended!','admin','2024-09-16 18:00:00','admin','2024-09-16 18:00:00',1),(386,129,NULL,4.00,'Very satisfied!','admin','2024-09-16 18:00:00','admin','2024-09-16 18:00:00',1),(387,129,NULL,5.00,'Fast shipping!','admin','2024-09-16 18:00:00','admin','2024-09-16 18:00:00',1),(388,130,NULL,5.00,'Awesome product!','admin','2024-09-16 18:00:00','admin','2024-09-16 18:00:00',1),(389,130,NULL,1.00,'Would not recommend!','admin','2024-09-16 18:00:00','admin','2024-09-16 18:00:00',1),(390,130,NULL,1.00,'Very dissatisfied!','admin','2024-09-16 18:00:00','admin','2024-09-16 18:00:00',1),(391,131,NULL,5.00,'Would buy again!','admin','2024-09-16 18:00:00','admin','2024-09-16 18:00:00',1),(392,131,NULL,4.00,'Would buy again!','admin','2024-09-16 18:00:00','admin','2024-09-16 18:00:00',1),(393,131,NULL,5.00,'Great value for money!','admin','2024-09-16 18:00:00','admin','2024-09-16 18:00:00',1),(394,132,NULL,2.00,'Very unhappy with my purchase!','admin','2024-09-16 18:00:00','admin','2024-09-16 18:00:00',1),(395,132,NULL,5.00,'Very happy with my purchase!','admin','2024-09-16 18:00:00','admin','2024-09-16 18:00:00',1),(396,132,NULL,4.00,'Very happy with my purchase!','admin','2024-09-16 18:00:00','admin','2024-09-16 18:00:00',1),(397,133,NULL,4.00,'Great value for money!','admin','2024-09-16 18:00:00','admin','2024-09-16 18:00:00',1),(398,133,NULL,4.00,'Highly impressed!','admin','2024-09-16 18:00:00','admin','2024-09-16 18:00:00',1),(399,133,NULL,4.00,'Would buy again!','admin','2024-09-16 18:00:00','admin','2024-09-16 18:00:00',1),(400,134,NULL,5.00,'Very pleased!','admin','2024-09-16 18:00:00','admin','2024-09-16 18:00:00',1),(401,134,NULL,5.00,'Great value for money!','admin','2024-09-16 18:00:00','admin','2024-09-16 18:00:00',1),(402,134,NULL,5.00,'Great product!','admin','2024-09-16 18:00:00','admin','2024-09-16 18:00:00',1),(403,135,NULL,3.00,'Would not recommend!','admin','2024-09-16 18:00:00','admin','2024-09-16 18:00:00',1),(404,135,NULL,4.00,'Great product!','admin','2024-09-16 18:00:00','admin','2024-09-16 18:00:00',1),(405,135,NULL,4.00,'Very happy with my purchase!','admin','2024-09-16 18:00:00','admin','2024-09-16 18:00:00',1),(406,136,NULL,5.00,'Highly recommended!','admin','2024-09-16 18:00:00','admin','2024-09-16 18:00:00',1),(407,136,NULL,5.00,'Highly recommended!','admin','2024-09-16 18:00:00','admin','2024-09-16 18:00:00',1),(408,136,NULL,4.00,'Fast shipping!','admin','2024-09-16 18:00:00','admin','2024-09-16 18:00:00',1),(409,137,NULL,4.00,'Excellent quality!','admin','2024-09-16 18:00:00','admin','2024-09-16 18:00:00',1),(410,137,NULL,4.00,'Great product!','admin','2024-09-16 18:00:00','admin','2024-09-16 18:00:00',1),(411,137,NULL,4.00,'Awesome product!','admin','2024-09-16 18:00:00','admin','2024-09-16 18:00:00',1),(412,138,NULL,5.00,'Great product!','admin','2024-09-16 18:00:00','admin','2024-09-16 18:00:00',1),(413,138,NULL,2.00,'Waste of money!','admin','2024-09-16 18:00:00','admin','2024-09-16 18:00:00',1),(414,138,NULL,4.00,'Would buy again!','admin','2024-09-16 18:00:00','admin','2024-09-16 18:00:00',1),(415,139,NULL,5.00,'Would buy again!','admin','2024-09-16 18:00:00','admin','2024-09-16 18:00:00',1),(416,139,NULL,5.00,'Very happy with my purchase!','admin','2024-09-16 18:00:00','admin','2024-09-16 18:00:00',1),(417,139,NULL,5.00,'Highly impressed!','admin','2024-09-16 18:00:00','admin','2024-09-16 18:00:00',1),(418,140,NULL,2.00,'Not worth the price!','admin','2024-09-16 18:00:00','admin','2024-09-16 18:00:00',1),(419,140,NULL,5.00,'Highly impressed!','admin','2024-09-16 18:00:00','admin','2024-09-16 18:00:00',1),(420,140,NULL,4.00,'Awesome product!','admin','2024-09-16 18:00:00','admin','2024-09-16 18:00:00',1),(421,141,NULL,5.00,'Awesome product!','admin','2024-09-16 18:00:00','admin','2024-09-16 18:00:00',1),(422,141,NULL,5.00,'Awesome product!','admin','2024-09-16 18:00:00','admin','2024-09-16 18:00:00',1),(423,141,NULL,4.00,'Very happy with my purchase!','admin','2024-09-16 18:00:00','admin','2024-09-16 18:00:00',1),(424,142,NULL,4.00,'Awesome product!','admin','2024-09-16 18:00:00','admin','2024-09-16 18:00:00',1),(425,142,NULL,1.00,'Would not recommend!','admin','2024-09-16 18:00:00','admin','2024-09-16 18:00:00',1),(426,142,NULL,4.00,'Very pleased!','admin','2024-09-16 18:00:00','admin','2024-09-16 18:00:00',1),(427,143,NULL,4.00,'Highly impressed!','admin','2024-09-16 18:00:00','admin','2024-09-16 18:00:00',1),(428,143,NULL,3.00,'Poor quality!','admin','2024-09-16 18:00:00','admin','2024-09-16 18:00:00',1),(429,143,NULL,3.00,'Not as described!','admin','2024-09-16 18:00:00','admin','2024-09-16 18:00:00',1),(430,144,NULL,1.00,'Not worth the price!','admin','2024-09-16 18:00:00','admin','2024-09-16 18:00:00',1),(431,144,NULL,5.00,'Great product!','admin','2024-09-16 18:00:00','admin','2024-09-16 18:00:00',1),(432,144,NULL,4.00,'Awesome product!','admin','2024-09-16 18:00:00','admin','2024-09-16 18:00:00',1),(433,145,NULL,4.00,'Excellent quality!','admin','2024-09-16 18:00:00','admin','2024-09-16 18:00:00',1),(434,145,NULL,3.00,'Disappointing product!','admin','2024-09-16 18:00:00','admin','2024-09-16 18:00:00',1),(435,145,NULL,1.00,'Not as described!','admin','2024-09-16 18:00:00','admin','2024-09-16 18:00:00',1),(436,146,NULL,1.00,'Waste of money!','admin','2024-09-16 18:00:00','admin','2024-09-16 18:00:00',1),(437,146,NULL,5.00,'Awesome product!','admin','2024-09-16 18:00:00','admin','2024-09-16 18:00:00',1),(438,146,NULL,5.00,'Very happy with my purchase!','admin','2024-09-16 18:00:00','admin','2024-09-16 18:00:00',1),(439,147,NULL,5.00,'Would buy again!','admin','2024-09-16 18:00:00','admin','2024-09-16 18:00:00',1),(440,147,NULL,4.00,'Awesome product!','admin','2024-09-16 18:00:00','admin','2024-09-16 18:00:00',1),(441,147,NULL,1.00,'Not as described!','admin','2024-09-16 18:00:00','admin','2024-09-16 18:00:00',1),(442,148,NULL,5.00,'Very satisfied!','admin','2024-09-16 18:00:00','admin','2024-09-16 18:00:00',1),(443,148,NULL,5.00,'Great value for money!','admin','2024-09-16 18:00:00','admin','2024-09-16 18:00:00',1),(444,148,NULL,4.00,'Great value for money!','admin','2024-09-16 18:00:00','admin','2024-09-16 18:00:00',1),(445,149,NULL,4.00,'Great value for money!','admin','2024-09-16 18:00:00','admin','2024-09-16 18:00:00',1),(446,149,NULL,4.00,'Great product!','admin','2024-09-16 18:00:00','admin','2024-09-16 18:00:00',1),(447,149,NULL,2.00,'Would not buy again!','admin','2024-09-16 18:00:00','admin','2024-09-16 18:00:00',1),(448,150,NULL,4.00,'Very pleased!','admin','2024-09-16 18:00:00','admin','2024-09-16 18:00:00',1),(449,150,NULL,4.00,'Fast shipping!','admin','2024-09-16 18:00:00','admin','2024-09-16 18:00:00',1),(450,150,NULL,4.00,'Excellent quality!','admin','2024-09-16 18:00:00','admin','2024-09-16 18:00:00',1),(451,151,NULL,3.00,'Not worth the price!','admin','2024-09-16 18:00:00','admin','2024-09-16 18:00:00',1),(452,151,NULL,2.00,'Not as described!','admin','2024-09-16 18:00:00','admin','2024-09-16 18:00:00',1),(453,151,NULL,2.00,'Not worth the price!','admin','2024-09-16 18:00:00','admin','2024-09-16 18:00:00',1),(454,152,NULL,3.00,'Disappointing product!','admin','2024-09-16 18:00:00','admin','2024-09-16 18:00:00',1),(455,152,NULL,5.00,'Very satisfied!','admin','2024-09-16 18:00:00','admin','2024-09-16 18:00:00',1),(456,152,NULL,4.00,'Very satisfied!','admin','2024-09-16 18:00:00','admin','2024-09-16 18:00:00',1),(457,153,NULL,1.00,'Disappointing product!','admin','2024-09-16 18:00:00','admin','2024-09-16 18:00:00',1),(458,153,NULL,4.00,'Highly impressed!','admin','2024-09-16 18:00:00','admin','2024-09-16 18:00:00',1),(459,153,NULL,5.00,'Very satisfied!','admin','2024-09-16 18:00:00','admin','2024-09-16 18:00:00',1),(460,154,NULL,2.00,'Disappointing product!','admin','2024-09-16 18:00:00','admin','2024-09-16 18:00:00',1),(461,154,NULL,4.00,'Fast shipping!','admin','2024-09-16 18:00:00','admin','2024-09-16 18:00:00',1),(462,154,NULL,5.00,'Would buy again!','admin','2024-09-16 18:00:00','admin','2024-09-16 18:00:00',1),(463,155,NULL,4.00,'Would buy again!','admin','2024-09-16 18:00:00','admin','2024-09-16 18:00:00',1),(464,155,NULL,1.00,'Disappointing product!','admin','2024-09-16 18:00:00','admin','2024-09-16 18:00:00',1),(465,155,NULL,4.00,'Would buy again!','admin','2024-09-16 18:00:00','admin','2024-09-16 18:00:00',1),(466,156,NULL,4.00,'Excellent quality!','admin','2024-09-16 18:00:00','admin','2024-09-16 18:00:00',1),(467,156,NULL,4.00,'Very happy with my purchase!','admin','2024-09-16 18:00:00','admin','2024-09-16 18:00:00',1),(468,156,NULL,2.00,'Not as described!','admin','2024-09-16 18:00:00','admin','2024-09-16 18:00:00',1),(469,157,NULL,5.00,'Great value for money!','admin','2024-09-16 18:00:00','admin','2024-09-16 18:00:00',1),(470,157,NULL,5.00,'Fast shipping!','admin','2024-09-16 18:00:00','admin','2024-09-16 18:00:00',1),(471,157,NULL,5.00,'Highly recommended!','admin','2024-09-16 18:00:00','admin','2024-09-16 18:00:00',1),(472,158,NULL,4.00,'Awesome product!','admin','2024-09-16 18:00:00','admin','2024-09-16 18:00:00',1),(473,158,NULL,5.00,'Very satisfied!','admin','2024-09-16 18:00:00','admin','2024-09-16 18:00:00',1),(474,158,NULL,5.00,'Awesome product!','admin','2024-09-16 18:00:00','admin','2024-09-16 18:00:00',1),(475,159,NULL,2.00,'Disappointing product!','admin','2024-09-16 18:00:00','admin','2024-09-16 18:00:00',1),(476,159,NULL,4.00,'Great product!','admin','2024-09-16 18:00:00','admin','2024-09-16 18:00:00',1),(477,159,NULL,5.00,'Great product!','admin','2024-09-16 18:00:00','admin','2024-09-16 18:00:00',1),(478,160,NULL,2.00,'Would not buy again!','admin','2024-09-16 18:00:00','admin','2024-09-16 18:00:00',1),(479,160,NULL,5.00,'Would buy again!','admin','2024-09-16 18:00:00','admin','2024-09-16 18:00:00',1),(480,160,NULL,5.00,'Fast shipping!','admin','2024-09-16 18:00:00','admin','2024-09-16 18:00:00',1),(481,161,NULL,2.00,'Would not recommend!','admin','2024-09-16 18:00:00','admin','2024-09-16 18:00:00',1),(482,161,NULL,4.00,'Fast shipping!','admin','2024-09-16 18:00:00','admin','2024-09-16 18:00:00',1),(483,161,NULL,3.00,'Not as described!','admin','2024-09-16 18:00:00','admin','2024-09-16 18:00:00',1),(484,162,NULL,2.00,'Very dissatisfied!','admin','2024-09-16 18:00:00','admin','2024-09-16 18:00:00',1),(485,162,NULL,1.00,'Very disappointed!','admin','2024-09-16 18:00:00','admin','2024-09-16 18:00:00',1),(486,162,NULL,1.00,'Poor quality!','admin','2024-09-16 18:00:00','admin','2024-09-16 18:00:00',1),(487,163,NULL,5.00,'Very pleased!','admin','2024-09-16 18:00:00','admin','2024-09-16 18:00:00',1),(488,163,NULL,2.00,'Poor quality!','admin','2024-09-16 18:00:00','admin','2024-09-16 18:00:00',1),(489,163,NULL,4.00,'Great value for money!','admin','2024-09-16 18:00:00','admin','2024-09-16 18:00:00',1),(490,164,NULL,4.00,'Very happy with my purchase!','admin','2024-09-16 18:00:00','admin','2024-09-16 18:00:00',1),(491,164,NULL,3.00,'Poor quality!','admin','2024-09-16 18:00:00','admin','2024-09-16 18:00:00',1),(492,164,NULL,3.00,'Very dissatisfied!','admin','2024-09-16 18:00:00','admin','2024-09-16 18:00:00',1),(493,165,NULL,1.00,'Very unhappy with my purchase!','admin','2024-09-16 18:00:00','admin','2024-09-16 18:00:00',1),(494,165,NULL,4.00,'Great product!','admin','2024-09-16 18:00:00','admin','2024-09-16 18:00:00',1),(495,165,NULL,4.00,'Very happy with my purchase!','admin','2024-09-16 18:00:00','admin','2024-09-16 18:00:00',1),(496,166,NULL,4.00,'Highly recommended!','admin','2024-09-16 18:00:00','admin','2024-09-16 18:00:00',1),(497,166,NULL,3.00,'Would not recommend!','admin','2024-09-16 18:00:00','admin','2024-09-16 18:00:00',1),(498,166,NULL,3.00,'Not as described!','admin','2024-09-16 18:00:00','admin','2024-09-16 18:00:00',1),(499,167,NULL,2.00,'Would not recommend!','admin','2024-09-16 18:00:00','admin','2024-09-16 18:00:00',1),(500,167,NULL,5.00,'Very happy with my purchase!','admin','2024-09-16 18:00:00','admin','2024-09-16 18:00:00',1),(501,167,NULL,5.00,'Great value for money!','admin','2024-09-16 18:00:00','admin','2024-09-16 18:00:00',1),(502,168,NULL,2.00,'Disappointing product!','admin','2024-09-16 18:00:00','admin','2024-09-16 18:00:00',1),(503,168,NULL,5.00,'Highly impressed!','admin','2024-09-16 18:00:00','admin','2024-09-16 18:00:00',1),(504,168,NULL,4.00,'Very happy with my purchase!','admin','2024-09-16 18:00:00','admin','2024-09-16 18:00:00',1),(505,169,NULL,4.00,'Highly impressed!','admin','2024-09-16 18:00:00','admin','2024-09-16 18:00:00',1),(506,169,NULL,4.00,'Great product!','admin','2024-09-16 18:00:00','admin','2024-09-16 18:00:00',1),(507,169,NULL,4.00,'Great value for money!','admin','2024-09-16 18:00:00','admin','2024-09-16 18:00:00',1),(508,170,NULL,4.00,'Very happy with my purchase!','admin','2024-09-16 18:00:00','admin','2024-09-16 18:00:00',1),(509,170,NULL,5.00,'Fast shipping!','admin','2024-09-16 18:00:00','admin','2024-09-16 18:00:00',1),(510,170,NULL,3.00,'Would not buy again!','admin','2024-09-16 18:00:00','admin','2024-09-16 18:00:00',1),(511,171,NULL,5.00,'Very pleased!','admin','2024-09-16 18:00:00','admin','2024-09-16 18:00:00',1),(512,171,NULL,4.00,'Awesome product!','admin','2024-09-16 18:00:00','admin','2024-09-16 18:00:00',1),(513,171,NULL,4.00,'Very pleased!','admin','2024-09-16 18:00:00','admin','2024-09-16 18:00:00',1),(514,172,NULL,5.00,'Very satisfied!','admin','2024-09-16 18:00:00','admin','2024-09-16 18:00:00',1),(515,172,NULL,5.00,'Excellent quality!','admin','2024-09-16 18:00:00','admin','2024-09-16 18:00:00',1),(516,172,NULL,1.00,'Poor quality!','admin','2024-09-16 18:00:00','admin','2024-09-16 18:00:00',1),(517,173,NULL,4.00,'Highly impressed!','admin','2024-09-16 18:00:00','admin','2024-09-16 18:00:00',1),(518,173,NULL,5.00,'Awesome product!','admin','2024-09-16 18:00:00','admin','2024-09-16 18:00:00',1),(519,173,NULL,4.00,'Highly recommended!','admin','2024-09-16 18:00:00','admin','2024-09-16 18:00:00',1),(520,174,NULL,5.00,'Excellent quality!','admin','2024-09-16 18:00:00','admin','2024-09-16 18:00:00',1),(521,174,NULL,4.00,'Would buy again!','admin','2024-09-16 18:00:00','admin','2024-09-16 18:00:00',1),(522,174,NULL,3.00,'Not worth the price!','admin','2024-09-16 18:00:00','admin','2024-09-16 18:00:00',1),(523,175,NULL,1.00,'Would not recommend!','admin','2024-09-16 18:00:00','admin','2024-09-16 18:00:00',1),(524,175,NULL,5.00,'Excellent quality!','admin','2024-09-16 18:00:00','admin','2024-09-16 18:00:00',1),(525,175,NULL,5.00,'Very pleased!','admin','2024-09-16 18:00:00','admin','2024-09-16 18:00:00',1),(526,176,NULL,1.00,'Not as described!','admin','2024-09-16 18:00:00','admin','2024-09-16 18:00:00',1),(527,176,NULL,4.00,'Very pleased!','admin','2024-09-16 18:00:00','admin','2024-09-16 18:00:00',1),(528,176,NULL,5.00,'Awesome product!','admin','2024-09-16 18:00:00','admin','2024-09-16 18:00:00',1),(529,177,NULL,5.00,'Very satisfied!','admin','2024-09-16 18:00:00','admin','2024-09-16 18:00:00',1),(530,177,NULL,5.00,'Great product!','admin','2024-09-16 18:00:00','admin','2024-09-16 18:00:00',1),(531,177,NULL,1.00,'Not as described!','admin','2024-09-16 18:00:00','admin','2024-09-16 18:00:00',1),(532,178,NULL,3.00,'Very unhappy with my purchase!','admin','2024-09-16 18:00:00','admin','2024-09-16 18:00:00',1),(533,178,NULL,3.00,'Would not recommend!','admin','2024-09-16 18:00:00','admin','2024-09-16 18:00:00',1),(534,178,NULL,4.00,'Highly impressed!','admin','2024-09-16 18:00:00','admin','2024-09-16 18:00:00',1),(535,179,NULL,4.00,'Very happy with my purchase!','admin','2024-09-16 18:00:00','admin','2024-09-16 18:00:00',1),(536,179,NULL,4.00,'Highly impressed!','admin','2024-09-16 18:00:00','admin','2024-09-16 18:00:00',1),(537,179,NULL,4.00,'Highly impressed!','admin','2024-09-16 18:00:00','admin','2024-09-16 18:00:00',1),(538,180,NULL,5.00,'Fast shipping!','admin','2024-09-16 18:00:00','admin','2024-09-16 18:00:00',1),(539,180,NULL,2.00,'Would not buy again!','admin','2024-09-16 18:00:00','admin','2024-09-16 18:00:00',1),(540,180,NULL,3.00,'Not as described!','admin','2024-09-16 18:00:00','admin','2024-09-16 18:00:00',1),(541,181,NULL,4.00,'Would buy again!','admin','2024-09-16 18:00:00','admin','2024-09-16 18:00:00',1),(542,181,NULL,1.00,'Poor quality!','admin','2024-09-16 18:00:00','admin','2024-09-16 18:00:00',1),(543,181,NULL,1.00,'Very unhappy with my purchase!','admin','2024-09-16 18:00:00','admin','2024-09-16 18:00:00',1),(544,182,NULL,3.00,'Very disappointed!','admin','2024-09-16 18:00:00','admin','2024-09-16 18:00:00',1),(545,182,NULL,1.00,'Very disappointed!','admin','2024-09-16 18:00:00','admin','2024-09-16 18:00:00',1),(546,182,NULL,2.00,'Waste of money!','admin','2024-09-16 18:00:00','admin','2024-09-16 18:00:00',1),(547,183,NULL,4.00,'Awesome product!','admin','2024-09-16 18:00:00','admin','2024-09-16 18:00:00',1),(548,183,NULL,4.00,'Excellent quality!','admin','2024-09-16 18:00:00','admin','2024-09-16 18:00:00',1),(549,183,NULL,4.00,'Very satisfied!','admin','2024-09-16 18:00:00','admin','2024-09-16 18:00:00',1),(550,184,NULL,5.00,'Highly impressed!','admin','2024-09-16 18:00:00','admin','2024-09-16 18:00:00',1),(551,184,NULL,3.00,'Poor quality!','admin','2024-09-16 18:00:00','admin','2024-09-16 18:00:00',1),(552,184,NULL,4.00,'Highly recommended!','admin','2024-09-16 18:00:00','admin','2024-09-16 18:00:00',1),(553,185,NULL,1.00,'Not as described!','admin','2024-09-16 18:00:00','admin','2024-09-16 18:00:00',1),(554,185,NULL,2.00,'Very disappointed!','admin','2024-09-16 18:00:00','admin','2024-09-16 18:00:00',1),(555,185,NULL,5.00,'Great value for money!','admin','2024-09-16 18:00:00','admin','2024-09-16 18:00:00',1),(556,186,NULL,5.00,'Very pleased!','admin','2024-09-16 18:00:00','admin','2024-09-16 18:00:00',1),(557,186,NULL,1.00,'Very unhappy with my purchase!','admin','2024-09-16 18:00:00','admin','2024-09-16 18:00:00',1),(558,186,NULL,4.00,'Awesome product!','admin','2024-09-16 18:00:00','admin','2024-09-16 18:00:00',1),(559,187,NULL,4.00,'Excellent quality!','admin','2024-09-16 18:00:00','admin','2024-09-16 18:00:00',1),(560,187,NULL,4.00,'Fast shipping!','admin','2024-09-16 18:00:00','admin','2024-09-16 18:00:00',1),(561,187,NULL,5.00,'Very pleased!','admin','2024-09-16 18:00:00','admin','2024-09-16 18:00:00',1),(562,188,NULL,3.00,'Waste of money!','admin','2024-09-16 18:00:00','admin','2024-09-16 18:00:00',1),(563,188,NULL,4.00,'Very happy with my purchase!','admin','2024-09-16 18:00:00','admin','2024-09-16 18:00:00',1),(564,188,NULL,5.00,'Very happy with my purchase!','admin','2024-09-16 18:00:00','admin','2024-09-16 18:00:00',1),(565,189,NULL,4.00,'Very pleased!','admin','2024-09-16 18:00:00','admin','2024-09-16 18:00:00',1),(566,189,NULL,5.00,'Fast shipping!','admin','2024-09-16 18:00:00','admin','2024-09-16 18:00:00',1),(567,189,NULL,4.00,'Excellent quality!','admin','2024-09-16 18:00:00','admin','2024-09-16 18:00:00',1),(568,190,NULL,5.00,'Great value for money!','admin','2024-09-16 18:00:00','admin','2024-09-16 18:00:00',1),(569,190,NULL,3.00,'Very unhappy with my purchase!','admin','2024-09-16 18:00:00','admin','2024-09-16 18:00:00',1),(570,190,NULL,4.00,'Highly impressed!','admin','2024-09-16 18:00:00','admin','2024-09-16 18:00:00',1),(571,191,NULL,5.00,'Great value for money!','admin','2024-09-16 18:00:00','admin','2024-09-16 18:00:00',1),(572,191,NULL,1.00,'Would not recommend!','admin','2024-09-16 18:00:00','admin','2024-09-16 18:00:00',1),(573,191,NULL,5.00,'Very pleased!','admin','2024-09-16 18:00:00','admin','2024-09-16 18:00:00',1),(574,192,NULL,2.00,'Very disappointed!','admin','2024-09-16 18:00:00','admin','2024-09-16 18:00:00',1),(575,192,NULL,5.00,'Excellent quality!','admin','2024-09-16 18:00:00','admin','2024-09-16 18:00:00',1),(576,192,NULL,4.00,'Highly recommended!','admin','2024-09-16 18:00:00','admin','2024-09-16 18:00:00',1),(577,193,NULL,1.00,'Not as described!','admin','2024-09-16 18:00:00','admin','2024-09-16 18:00:00',1),(578,193,NULL,5.00,'Highly impressed!','admin','2024-09-16 18:00:00','admin','2024-09-16 18:00:00',1),(579,193,NULL,4.00,'Would buy again!','admin','2024-09-16 18:00:00','admin','2024-09-16 18:00:00',1),(580,194,NULL,4.00,'Fast shipping!','admin','2024-09-16 18:00:00','admin','2024-09-16 18:00:00',1),(581,194,NULL,5.00,'Great product!','admin','2024-09-16 18:00:00','admin','2024-09-16 18:00:00',1),(582,194,NULL,3.00,'Waste of money!','admin','2024-09-16 18:00:00','admin','2024-09-16 18:00:00',1),(599,46,16,5.00,'nice',NULL,'2024-10-28 12:01:15',NULL,NULL,NULL),(600,26,16,5.00,'sss',NULL,'2024-10-29 03:54:18',NULL,NULL,NULL),(601,199,16,5.00,'good shit',NULL,'2024-10-29 03:58:52',NULL,NULL,NULL),(602,69,16,1.00,'bad',NULL,'2024-10-29 04:23:52',NULL,NULL,NULL),(603,58,16,0.00,'badd',NULL,'2024-10-29 04:27:14',NULL,NULL,NULL),(604,89,16,5.00,'cool',NULL,'2024-10-29 04:44:26',NULL,NULL,NULL),(605,90,16,5.00,'cooool',NULL,'2024-10-29 04:46:10',NULL,NULL,NULL),(606,92,16,4.00,'good\n',NULL,'2024-10-29 04:46:47',NULL,NULL,NULL),(607,91,16,5.00,'great\n',NULL,'2024-10-29 04:47:29',NULL,NULL,NULL),(608,88,16,5.00,'aaa',NULL,'2024-10-29 04:47:53',NULL,NULL,NULL),(609,74,16,5.00,'gs',NULL,'2024-10-29 04:48:32',NULL,NULL,NULL),(610,200,9,5.00,'nice',NULL,'2024-10-30 08:45:58',NULL,NULL,NULL);
/*!40000 ALTER TABLE `reviews` ENABLE KEYS */;
UNLOCK TABLES;

--
-- Table structure for table `sales`
--

DROP TABLE IF EXISTS `sales`;
/*!40101 SET @saved_cs_client     = @@character_set_client */;
/*!50503 SET character_set_client = utf8mb4 */;
CREATE TABLE `sales` (
  `sales_id` int NOT NULL AUTO_INCREMENT,
  `order_id` int DEFAULT NULL,
  `product_id` int DEFAULT NULL,
  `price` decimal(10,2) DEFAULT NULL,
  `quantity` decimal(10,2) DEFAULT NULL,
  `created_by` varchar(200) DEFAULT NULL,
  `creation_date` timestamp NULL DEFAULT NULL,
  `last_updated_by` varchar(100) DEFAULT NULL,
  `last_update_date` timestamp NULL DEFAULT NULL,
  `change_number` decimal(10,0) DEFAULT NULL,
  PRIMARY KEY (`sales_id`),
  KEY `fk_sales_orders` (`order_id`),
  KEY `fk_sales_products` (`product_id`),
  CONSTRAINT `fk_sales_orders` FOREIGN KEY (`order_id`) REFERENCES `orders` (`order_id`),
  CONSTRAINT `fk_sales_products` FOREIGN KEY (`product_id`) REFERENCES `products` (`product_id`)
) ENGINE=InnoDB AUTO_INCREMENT=11 DEFAULT CHARSET=utf8mb4 COLLATE=utf8mb4_0900_ai_ci;
/*!40101 SET character_set_client = @saved_cs_client */;

--
-- Dumping data for table `sales`
--

LOCK TABLES `sales` WRITE;
/*!40000 ALTER TABLE `sales` DISABLE KEYS */;
INSERT INTO `sales` VALUES (1,28,200,60.00,5.00,'admin','2024-10-27 10:29:37','admin','2024-10-27 10:29:37',NULL),(2,28,199,11.00,1.00,'admin','2024-10-27 10:29:37','admin','2024-10-27 10:29:37',NULL),(3,30,189,594.83,17.00,'admin','2024-10-29 07:44:21','admin','2024-10-29 07:44:21',NULL),(4,22,185,579.71,29.00,'admin','2024-10-29 07:44:26','admin','2024-10-29 07:44:26',NULL),(5,29,86,19.99,1.00,'admin','2024-10-29 09:42:03','admin','2024-10-29 09:42:03',NULL),(6,29,86,19.99,1.00,'admin','2024-10-29 09:42:05','admin','2024-10-29 09:42:05',NULL),(7,31,8,719.92,8.00,'admin','2024-10-29 09:42:33','admin','2024-10-29 09:42:33',NULL),(8,32,13,1499.95,5.00,'admin','2024-10-29 09:42:38','admin','2024-10-29 09:42:38',NULL),(9,35,14,2499.95,5.00,'admin','2024-10-29 09:44:54','admin','2024-10-29 09:44:54',NULL),(10,36,25,12.90,10.00,'admin','2024-11-04 18:34:08','admin','2024-11-04 18:34:08',NULL);
/*!40000 ALTER TABLE `sales` ENABLE KEYS */;
UNLOCK TABLES;

--
-- Table structure for table `shipping_address`
--

DROP TABLE IF EXISTS `shipping_address`;
/*!40101 SET @saved_cs_client     = @@character_set_client */;
/*!50503 SET character_set_client = utf8mb4 */;
CREATE TABLE `shipping_address` (
  `shipping_id` int NOT NULL AUTO_INCREMENT,
  `user_id` int DEFAULT NULL,
  `shipping_street` varchar(100) DEFAULT NULL,
  `shipping_state` varchar(100) DEFAULT NULL,
  `shipping_city` varchar(100) DEFAULT NULL,
  `shipping_zip` varchar(10) DEFAULT NULL,
  `shipping_country` varchar(50) DEFAULT NULL,
  `is_default` tinyint DEFAULT '0',
  `created_by` varchar(200) DEFAULT NULL,
  `creation_date` date DEFAULT NULL,
  `last_updated_by` varchar(100) DEFAULT NULL,
  `last_update_date` date DEFAULT NULL,
  `change_number` decimal(10,0) DEFAULT NULL,
  PRIMARY KEY (`shipping_id`),
  KEY `fk_shipping_address_users` (`user_id`),
  CONSTRAINT `fk_shipping_address_users` FOREIGN KEY (`user_id`) REFERENCES `users` (`user_id`)
) ENGINE=InnoDB AUTO_INCREMENT=7 DEFAULT CHARSET=utf8mb4 COLLATE=utf8mb4_0900_ai_ci;
/*!40101 SET character_set_client = @saved_cs_client */;

--
-- Dumping data for table `shipping_address`
--

LOCK TABLES `shipping_address` WRITE;
/*!40000 ALTER TABLE `shipping_address` DISABLE KEYS */;
INSERT INTO `shipping_address` VALUES (1,16,'1','dhaka','dhaka','1216','bd',1,NULL,NULL,NULL,NULL,NULL),(3,16,'a','rajshahi','pabna','6601','bd',0,NULL,NULL,NULL,NULL,NULL),(5,9,'a','ctg','ctg','2222','bd',1,NULL,NULL,NULL,NULL,NULL),(6,2,'2','dhaka','dhaka','1216','bangladesh',0,NULL,NULL,NULL,NULL,NULL);
/*!40000 ALTER TABLE `shipping_address` ENABLE KEYS */;
UNLOCK TABLES;

--
-- Table structure for table `sizes`
--

DROP TABLE IF EXISTS `sizes`;
/*!40101 SET @saved_cs_client     = @@character_set_client */;
/*!50503 SET character_set_client = utf8mb4 */;
CREATE TABLE `sizes` (
  `sizes_id` int DEFAULT NULL,
  `product_id` int DEFAULT NULL,
  `created_by` varchar(200) DEFAULT NULL,
  `creation_date` date DEFAULT NULL,
  `last_updated_by` varchar(100) DEFAULT NULL,
  `last_update_date` date DEFAULT NULL,
  `change_number` decimal(10,0) DEFAULT NULL,
  KEY `fk_sizes_product_sizes` (`sizes_id`),
  KEY `fk_sizes_products` (`product_id`),
  CONSTRAINT `fk_sizes_product_sizes` FOREIGN KEY (`sizes_id`) REFERENCES `product_sizes` (`sizes_id`),
  CONSTRAINT `fk_sizes_products` FOREIGN KEY (`product_id`) REFERENCES `products` (`product_id`)
) ENGINE=InnoDB DEFAULT CHARSET=utf8mb4 COLLATE=utf8mb4_0900_ai_ci;
/*!40101 SET character_set_client = @saved_cs_client */;

--
-- Dumping data for table `sizes`
--

LOCK TABLES `sizes` WRITE;
/*!40000 ALTER TABLE `sizes` DISABLE KEYS */;
/*!40000 ALTER TABLE `sizes` ENABLE KEYS */;
UNLOCK TABLES;

--
-- Table structure for table `tags`
--

DROP TABLE IF EXISTS `tags`;
/*!40101 SET @saved_cs_client     = @@character_set_client */;
/*!50503 SET character_set_client = utf8mb4 */;
CREATE TABLE `tags` (
  `tags_id` int DEFAULT NULL,
  `product_id` int DEFAULT NULL,
  `created_by` varchar(200) DEFAULT NULL,
  `creation_date` date DEFAULT NULL,
  `last_updated_by` varchar(100) DEFAULT NULL,
  `last_update_date` date DEFAULT NULL,
  `change_number` decimal(10,0) DEFAULT NULL,
  KEY `fk_tags_product_tags` (`tags_id`),
  KEY `fk_tags_products` (`product_id`),
  CONSTRAINT `fk_tags_product_tags` FOREIGN KEY (`tags_id`) REFERENCES `product_tags` (`tags_id`),
  CONSTRAINT `fk_tags_products` FOREIGN KEY (`product_id`) REFERENCES `products` (`product_id`)
) ENGINE=InnoDB DEFAULT CHARSET=utf8mb4 COLLATE=utf8mb4_0900_ai_ci;
/*!40101 SET character_set_client = @saved_cs_client */;

--
-- Dumping data for table `tags`
--

LOCK TABLES `tags` WRITE;
/*!40000 ALTER TABLE `tags` DISABLE KEYS */;
INSERT INTO `tags` VALUES (1,1,'admin','2024-09-17','admin','2024-09-17',1),(2,1,'admin','2024-09-17','admin','2024-09-17',1),(3,2,'admin','2024-09-17','admin','2024-09-17',1),(4,2,'admin','2024-09-17','admin','2024-09-17',1),(5,3,'admin','2024-09-17','admin','2024-09-17',1),(6,3,'admin','2024-09-17','admin','2024-09-17',1),(7,4,'admin','2024-09-17','admin','2024-09-17',1),(8,4,'admin','2024-09-17','admin','2024-09-17',1),(9,5,'admin','2024-09-17','admin','2024-09-17',1),(10,5,'admin','2024-09-17','admin','2024-09-17',1),(11,6,'admin','2024-09-17','admin','2024-09-17',1),(12,6,'admin','2024-09-17','admin','2024-09-17',1),(13,7,'admin','2024-09-17','admin','2024-09-17',1),(14,7,'admin','2024-09-17','admin','2024-09-17',1),(15,8,'admin','2024-09-17','admin','2024-09-17',1),(16,8,'admin','2024-09-17','admin','2024-09-17',1),(17,9,'admin','2024-09-17','admin','2024-09-17',1),(18,9,'admin','2024-09-17','admin','2024-09-17',1),(19,10,'admin','2024-09-17','admin','2024-09-17',1),(20,10,'admin','2024-09-17','admin','2024-09-17',1),(21,11,'admin','2024-09-17','admin','2024-09-17',1),(22,11,'admin','2024-09-17','admin','2024-09-17',1),(23,12,'admin','2024-09-17','admin','2024-09-17',1),(24,12,'admin','2024-09-17','admin','2024-09-17',1),(25,13,'admin','2024-09-17','admin','2024-09-17',1),(26,13,'admin','2024-09-17','admin','2024-09-17',1),(27,14,'admin','2024-09-17','admin','2024-09-17',1),(28,14,'admin','2024-09-17','admin','2024-09-17',1),(29,15,'admin','2024-09-17','admin','2024-09-17',1),(30,15,'admin','2024-09-17','admin','2024-09-17',1),(31,16,'admin','2024-09-17','admin','2024-09-17',1),(32,17,'admin','2024-09-17','admin','2024-09-17',1),(33,18,'admin','2024-09-17','admin','2024-09-17',1),(34,18,'admin','2024-09-17','admin','2024-09-17',1),(35,19,'admin','2024-09-17','admin','2024-09-17',1),(36,20,'admin','2024-09-17','admin','2024-09-17',1),(37,21,'admin','2024-09-17','admin','2024-09-17',1),(38,22,'admin','2024-09-17','admin','2024-09-17',1),(39,22,'admin','2024-09-17','admin','2024-09-17',1),(40,23,'admin','2024-09-17','admin','2024-09-17',1),(41,24,'admin','2024-09-17','admin','2024-09-17',1),(42,25,'admin','2024-09-17','admin','2024-09-17',1),(43,26,'admin','2024-09-17','admin','2024-09-17',1),(44,27,'admin','2024-09-17','admin','2024-09-17',1),(45,28,'admin','2024-09-17','admin','2024-09-17',1),(46,29,'admin','2024-09-17','admin','2024-09-17',1),(47,30,'admin','2024-09-17','admin','2024-09-17',1),(48,31,'admin','2024-09-17','admin','2024-09-17',1),(49,32,'admin','2024-09-17','admin','2024-09-17',1),(50,33,'admin','2024-09-17','admin','2024-09-17',1),(51,34,'admin','2024-09-17','admin','2024-09-17',1),(52,34,'admin','2024-09-17','admin','2024-09-17',1),(53,35,'admin','2024-09-17','admin','2024-09-17',1),(54,36,'admin','2024-09-17','admin','2024-09-17',1),(55,37,'admin','2024-09-17','admin','2024-09-17',1),(56,38,'admin','2024-09-17','admin','2024-09-17',1),(57,39,'admin','2024-09-17','admin','2024-09-17',1),(58,40,'admin','2024-09-17','admin','2024-09-17',1),(59,41,'admin','2024-09-17','admin','2024-09-17',1),(60,42,'admin','2024-09-17','admin','2024-09-17',1),(61,43,'admin','2024-09-17','admin','2024-09-17',1),(62,43,'admin','2024-09-17','admin','2024-09-17',1),(63,44,'admin','2024-09-17','admin','2024-09-17',1),(64,44,'admin','2024-09-17','admin','2024-09-17',1),(65,45,'admin','2024-09-17','admin','2024-09-17',1),(66,45,'admin','2024-09-17','admin','2024-09-17',1),(67,46,'admin','2024-09-17','admin','2024-09-17',1),(68,46,'admin','2024-09-17','admin','2024-09-17',1),(69,47,'admin','2024-09-17','admin','2024-09-17',1),(70,47,'admin','2024-09-17','admin','2024-09-17',1),(71,48,'admin','2024-09-17','admin','2024-09-17',1),(72,48,'admin','2024-09-17','admin','2024-09-17',1),(73,49,'admin','2024-09-17','admin','2024-09-17',1),(74,49,'admin','2024-09-17','admin','2024-09-17',1),(75,50,'admin','2024-09-17','admin','2024-09-17',1),(76,50,'admin','2024-09-17','admin','2024-09-17',1),(77,51,'admin','2024-09-17','admin','2024-09-17',1),(78,51,'admin','2024-09-17','admin','2024-09-17',1),(79,52,'admin','2024-09-17','admin','2024-09-17',1),(80,52,'admin','2024-09-17','admin','2024-09-17',1),(81,53,'admin','2024-09-17','admin','2024-09-17',1),(82,53,'admin','2024-09-17','admin','2024-09-17',1),(83,54,'admin','2024-09-17','admin','2024-09-17',1),(84,54,'admin','2024-09-17','admin','2024-09-17',1),(85,55,'admin','2024-09-17','admin','2024-09-17',1),(86,55,'admin','2024-09-17','admin','2024-09-17',1),(87,56,'admin','2024-09-17','admin','2024-09-17',1),(88,56,'admin','2024-09-17','admin','2024-09-17',1),(89,57,'admin','2024-09-17','admin','2024-09-17',1),(90,57,'admin','2024-09-17','admin','2024-09-17',1),(91,58,'admin','2024-09-17','admin','2024-09-17',1),(92,58,'admin','2024-09-17','admin','2024-09-17',1),(93,59,'admin','2024-09-17','admin','2024-09-17',1),(94,59,'admin','2024-09-17','admin','2024-09-17',1),(95,60,'admin','2024-09-17','admin','2024-09-17',1),(96,60,'admin','2024-09-17','admin','2024-09-17',1),(97,61,'admin','2024-09-17','admin','2024-09-17',1),(98,61,'admin','2024-09-17','admin','2024-09-17',1),(99,62,'admin','2024-09-17','admin','2024-09-17',1),(100,62,'admin','2024-09-17','admin','2024-09-17',1),(101,63,'admin','2024-09-17','admin','2024-09-17',1),(102,63,'admin','2024-09-17','admin','2024-09-17',1),(103,64,'admin','2024-09-17','admin','2024-09-17',1),(104,64,'admin','2024-09-17','admin','2024-09-17',1),(105,65,'admin','2024-09-17','admin','2024-09-17',1),(106,65,'admin','2024-09-17','admin','2024-09-17',1),(107,66,'admin','2024-09-17','admin','2024-09-17',1),(108,66,'admin','2024-09-17','admin','2024-09-17',1),(109,67,'admin','2024-09-17','admin','2024-09-17',1),(110,67,'admin','2024-09-17','admin','2024-09-17',1),(111,68,'admin','2024-09-17','admin','2024-09-17',1),(112,68,'admin','2024-09-17','admin','2024-09-17',1),(113,69,'admin','2024-09-17','admin','2024-09-17',1),(114,69,'admin','2024-09-17','admin','2024-09-17',1),(115,70,'admin','2024-09-17','admin','2024-09-17',1),(116,70,'admin','2024-09-17','admin','2024-09-17',1),(117,71,'admin','2024-09-17','admin','2024-09-17',1),(118,71,'admin','2024-09-17','admin','2024-09-17',1),(119,72,'admin','2024-09-17','admin','2024-09-17',1),(120,72,'admin','2024-09-17','admin','2024-09-17',1),(121,73,'admin','2024-09-17','admin','2024-09-17',1),(122,73,'admin','2024-09-17','admin','2024-09-17',1),(123,74,'admin','2024-09-17','admin','2024-09-17',1),(124,74,'admin','2024-09-17','admin','2024-09-17',1),(125,75,'admin','2024-09-17','admin','2024-09-17',1),(126,75,'admin','2024-09-17','admin','2024-09-17',1),(127,76,'admin','2024-09-17','admin','2024-09-17',1),(128,76,'admin','2024-09-17','admin','2024-09-17',1),(129,77,'admin','2024-09-17','admin','2024-09-17',1),(130,77,'admin','2024-09-17','admin','2024-09-17',1),(131,78,'admin','2024-09-17','admin','2024-09-17',1),(132,78,'admin','2024-09-17','admin','2024-09-17',1),(133,79,'admin','2024-09-17','admin','2024-09-17',1),(134,80,'admin','2024-09-17','admin','2024-09-17',1),(135,81,'admin','2024-09-17','admin','2024-09-17',1),(136,82,'admin','2024-09-17','admin','2024-09-17',1),(137,83,'admin','2024-09-17','admin','2024-09-17',1),(138,83,'admin','2024-09-17','admin','2024-09-17',1),(139,84,'admin','2024-09-17','admin','2024-09-17',1),(140,84,'admin','2024-09-17','admin','2024-09-17',1),(141,85,'admin','2024-09-17','admin','2024-09-17',1),(142,85,'admin','2024-09-17','admin','2024-09-17',1),(143,86,'admin','2024-09-17','admin','2024-09-17',1),(144,86,'admin','2024-09-17','admin','2024-09-17',1),(145,87,'admin','2024-09-17','admin','2024-09-17',1),(146,87,'admin','2024-09-17','admin','2024-09-17',1),(147,88,'admin','2024-09-17','admin','2024-09-17',1),(148,88,'admin','2024-09-17','admin','2024-09-17',1),(149,89,'admin','2024-09-17','admin','2024-09-17',1),(150,89,'admin','2024-09-17','admin','2024-09-17',1),(151,90,'admin','2024-09-17','admin','2024-09-17',1),(152,90,'admin','2024-09-17','admin','2024-09-17',1),(153,91,'admin','2024-09-17','admin','2024-09-17',1),(154,91,'admin','2024-09-17','admin','2024-09-17',1),(155,92,'admin','2024-09-17','admin','2024-09-17',1),(156,92,'admin','2024-09-17','admin','2024-09-17',1),(157,93,'admin','2024-09-17','admin','2024-09-17',1),(158,93,'admin','2024-09-17','admin','2024-09-17',1),(159,94,'admin','2024-09-17','admin','2024-09-17',1),(160,94,'admin','2024-09-17','admin','2024-09-17',1),(161,95,'admin','2024-09-17','admin','2024-09-17',1),(162,95,'admin','2024-09-17','admin','2024-09-17',1),(163,96,'admin','2024-09-17','admin','2024-09-17',1),(164,96,'admin','2024-09-17','admin','2024-09-17',1),(165,97,'admin','2024-09-17','admin','2024-09-17',1),(166,97,'admin','2024-09-17','admin','2024-09-17',1),(167,98,'admin','2024-09-17','admin','2024-09-17',1),(168,98,'admin','2024-09-17','admin','2024-09-17',1),(169,99,'admin','2024-09-17','admin','2024-09-17',1),(170,99,'admin','2024-09-17','admin','2024-09-17',1),(171,100,'admin','2024-09-17','admin','2024-09-17',1),(172,100,'admin','2024-09-17','admin','2024-09-17',1),(173,101,'admin','2024-09-17','admin','2024-09-17',1),(174,101,'admin','2024-09-17','admin','2024-09-17',1),(175,102,'admin','2024-09-17','admin','2024-09-17',1),(176,102,'admin','2024-09-17','admin','2024-09-17',1),(177,103,'admin','2024-09-17','admin','2024-09-17',1),(178,103,'admin','2024-09-17','admin','2024-09-17',1),(179,104,'admin','2024-09-17','admin','2024-09-17',1),(180,104,'admin','2024-09-17','admin','2024-09-17',1),(181,105,'admin','2024-09-17','admin','2024-09-17',1),(182,105,'admin','2024-09-17','admin','2024-09-17',1),(183,106,'admin','2024-09-17','admin','2024-09-17',1),(184,106,'admin','2024-09-17','admin','2024-09-17',1),(185,107,'admin','2024-09-17','admin','2024-09-17',1),(186,107,'admin','2024-09-17','admin','2024-09-17',1),(187,108,'admin','2024-09-17','admin','2024-09-17',1),(188,108,'admin','2024-09-17','admin','2024-09-17',1),(189,109,'admin','2024-09-17','admin','2024-09-17',1),(190,109,'admin','2024-09-17','admin','2024-09-17',1),(191,110,'admin','2024-09-17','admin','2024-09-17',1),(192,110,'admin','2024-09-17','admin','2024-09-17',1),(193,111,'admin','2024-09-17','admin','2024-09-17',1),(194,111,'admin','2024-09-17','admin','2024-09-17',1),(195,112,'admin','2024-09-17','admin','2024-09-17',1),(196,112,'admin','2024-09-17','admin','2024-09-17',1),(197,113,'admin','2024-09-17','admin','2024-09-17',1),(198,114,'admin','2024-09-17','admin','2024-09-17',1),(199,114,'admin','2024-09-17','admin','2024-09-17',1),(200,115,'admin','2024-09-17','admin','2024-09-17',1),(201,115,'admin','2024-09-17','admin','2024-09-17',1),(202,116,'admin','2024-09-17','admin','2024-09-17',1),(203,116,'admin','2024-09-17','admin','2024-09-17',1),(204,117,'admin','2024-09-17','admin','2024-09-17',1),(205,117,'admin','2024-09-17','admin','2024-09-17',1),(206,118,'admin','2024-09-17','admin','2024-09-17',1),(207,118,'admin','2024-09-17','admin','2024-09-17',1),(208,119,'admin','2024-09-17','admin','2024-09-17',1),(209,119,'admin','2024-09-17','admin','2024-09-17',1),(210,120,'admin','2024-09-17','admin','2024-09-17',1),(211,120,'admin','2024-09-17','admin','2024-09-17',1),(212,121,'admin','2024-09-17','admin','2024-09-17',1),(213,121,'admin','2024-09-17','admin','2024-09-17',1),(214,122,'admin','2024-09-17','admin','2024-09-17',1),(215,122,'admin','2024-09-17','admin','2024-09-17',1),(216,123,'admin','2024-09-17','admin','2024-09-17',1),(217,123,'admin','2024-09-17','admin','2024-09-17',1),(218,124,'admin','2024-09-17','admin','2024-09-17',1),(219,124,'admin','2024-09-17','admin','2024-09-17',1),(220,125,'admin','2024-09-17','admin','2024-09-17',1),(221,125,'admin','2024-09-17','admin','2024-09-17',1),(222,126,'admin','2024-09-17','admin','2024-09-17',1),(223,126,'admin','2024-09-17','admin','2024-09-17',1),(224,127,'admin','2024-09-17','admin','2024-09-17',1),(225,127,'admin','2024-09-17','admin','2024-09-17',1),(226,128,'admin','2024-09-17','admin','2024-09-17',1),(227,128,'admin','2024-09-17','admin','2024-09-17',1),(228,129,'admin','2024-09-17','admin','2024-09-17',1),(229,129,'admin','2024-09-17','admin','2024-09-17',1),(230,130,'admin','2024-09-17','admin','2024-09-17',1),(231,130,'admin','2024-09-17','admin','2024-09-17',1),(232,131,'admin','2024-09-17','admin','2024-09-17',1),(233,131,'admin','2024-09-17','admin','2024-09-17',1),(234,132,'admin','2024-09-17','admin','2024-09-17',1),(235,132,'admin','2024-09-17','admin','2024-09-17',1),(236,133,'admin','2024-09-17','admin','2024-09-17',1),(237,133,'admin','2024-09-17','admin','2024-09-17',1),(238,134,'admin','2024-09-17','admin','2024-09-17',1),(239,134,'admin','2024-09-17','admin','2024-09-17',1),(240,135,'admin','2024-09-17','admin','2024-09-17',1),(241,135,'admin','2024-09-17','admin','2024-09-17',1),(242,136,'admin','2024-09-17','admin','2024-09-17',1),(243,136,'admin','2024-09-17','admin','2024-09-17',1),(244,137,'admin','2024-09-17','admin','2024-09-17',1),(245,137,'admin','2024-09-17','admin','2024-09-17',1),(246,138,'admin','2024-09-17','admin','2024-09-17',1),(247,138,'admin','2024-09-17','admin','2024-09-17',1),(248,139,'admin','2024-09-17','admin','2024-09-17',1),(249,139,'admin','2024-09-17','admin','2024-09-17',1),(250,140,'admin','2024-09-17','admin','2024-09-17',1),(251,140,'admin','2024-09-17','admin','2024-09-17',1),(252,141,'admin','2024-09-17','admin','2024-09-17',1),(253,141,'admin','2024-09-17','admin','2024-09-17',1),(254,142,'admin','2024-09-17','admin','2024-09-17',1),(255,142,'admin','2024-09-17','admin','2024-09-17',1),(256,143,'admin','2024-09-17','admin','2024-09-17',1),(257,143,'admin','2024-09-17','admin','2024-09-17',1),(258,144,'admin','2024-09-17','admin','2024-09-17',1),(259,144,'admin','2024-09-17','admin','2024-09-17',1),(260,145,'admin','2024-09-17','admin','2024-09-17',1),(261,145,'admin','2024-09-17','admin','2024-09-17',1),(262,146,'admin','2024-09-17','admin','2024-09-17',1),(263,146,'admin','2024-09-17','admin','2024-09-17',1),(264,147,'admin','2024-09-17','admin','2024-09-17',1),(265,147,'admin','2024-09-17','admin','2024-09-17',1),(266,148,'admin','2024-09-17','admin','2024-09-17',1),(267,148,'admin','2024-09-17','admin','2024-09-17',1),(268,149,'admin','2024-09-17','admin','2024-09-17',1),(269,149,'admin','2024-09-17','admin','2024-09-17',1),(270,150,'admin','2024-09-17','admin','2024-09-17',1),(271,150,'admin','2024-09-17','admin','2024-09-17',1),(272,151,'admin','2024-09-17','admin','2024-09-17',1),(273,151,'admin','2024-09-17','admin','2024-09-17',1),(274,152,'admin','2024-09-17','admin','2024-09-17',1),(275,152,'admin','2024-09-17','admin','2024-09-17',1),(276,153,'admin','2024-09-17','admin','2024-09-17',1),(277,153,'admin','2024-09-17','admin','2024-09-17',1),(278,154,'admin','2024-09-17','admin','2024-09-17',1),(279,154,'admin','2024-09-17','admin','2024-09-17',1),(280,155,'admin','2024-09-17','admin','2024-09-17',1),(281,155,'admin','2024-09-17','admin','2024-09-17',1),(282,156,'admin','2024-09-17','admin','2024-09-17',1),(283,156,'admin','2024-09-17','admin','2024-09-17',1),(284,157,'admin','2024-09-17','admin','2024-09-17',1),(285,157,'admin','2024-09-17','admin','2024-09-17',1),(286,158,'admin','2024-09-17','admin','2024-09-17',1),(287,158,'admin','2024-09-17','admin','2024-09-17',1),(288,159,'admin','2024-09-17','admin','2024-09-17',1),(289,159,'admin','2024-09-17','admin','2024-09-17',1),(290,160,'admin','2024-09-17','admin','2024-09-17',1),(291,160,'admin','2024-09-17','admin','2024-09-17',1),(292,161,'admin','2024-09-17','admin','2024-09-17',1),(293,161,'admin','2024-09-17','admin','2024-09-17',1),(294,162,'admin','2024-09-17','admin','2024-09-17',1),(295,162,'admin','2024-09-17','admin','2024-09-17',1),(296,163,'admin','2024-09-17','admin','2024-09-17',1),(297,163,'admin','2024-09-17','admin','2024-09-17',1),(298,164,'admin','2024-09-17','admin','2024-09-17',1),(299,164,'admin','2024-09-17','admin','2024-09-17',1),(300,165,'admin','2024-09-17','admin','2024-09-17',1),(301,165,'admin','2024-09-17','admin','2024-09-17',1),(302,166,'admin','2024-09-17','admin','2024-09-17',1),(303,166,'admin','2024-09-17','admin','2024-09-17',1),(304,167,'admin','2024-09-17','admin','2024-09-17',1),(305,167,'admin','2024-09-17','admin','2024-09-17',1),(306,168,'admin','2024-09-17','admin','2024-09-17',1),(307,168,'admin','2024-09-17','admin','2024-09-17',1),(308,168,'admin','2024-09-17','admin','2024-09-17',1),(309,169,'admin','2024-09-17','admin','2024-09-17',1),(310,169,'admin','2024-09-17','admin','2024-09-17',1),(311,169,'admin','2024-09-17','admin','2024-09-17',1),(312,170,'admin','2024-09-17','admin','2024-09-17',1),(313,170,'admin','2024-09-17','admin','2024-09-17',1),(314,171,'admin','2024-09-17','admin','2024-09-17',1),(315,171,'admin','2024-09-17','admin','2024-09-17',1),(316,172,'admin','2024-09-17','admin','2024-09-17',1),(317,172,'admin','2024-09-17','admin','2024-09-17',1),(318,173,'admin','2024-09-17','admin','2024-09-17',1),(319,173,'admin','2024-09-17','admin','2024-09-17',1),(320,174,'admin','2024-09-17','admin','2024-09-17',1),(321,174,'admin','2024-09-17','admin','2024-09-17',1),(322,175,'admin','2024-09-17','admin','2024-09-17',1),(323,175,'admin','2024-09-17','admin','2024-09-17',1),(324,176,'admin','2024-09-17','admin','2024-09-17',1),(325,176,'admin','2024-09-17','admin','2024-09-17',1),(326,177,'admin','2024-09-17','admin','2024-09-17',1),(327,177,'admin','2024-09-17','admin','2024-09-17',1),(328,178,'admin','2024-09-17','admin','2024-09-17',1),(329,178,'admin','2024-09-17','admin','2024-09-17',1),(330,178,'admin','2024-09-17','admin','2024-09-17',1),(331,179,'admin','2024-09-17','admin','2024-09-17',1),(332,179,'admin','2024-09-17','admin','2024-09-17',1),(333,179,'admin','2024-09-17','admin','2024-09-17',1),(334,180,'admin','2024-09-17','admin','2024-09-17',1),(335,180,'admin','2024-09-17','admin','2024-09-17',1),(336,181,'admin','2024-09-17','admin','2024-09-17',1),(337,181,'admin','2024-09-17','admin','2024-09-17',1),(338,182,'admin','2024-09-17','admin','2024-09-17',1),(339,182,'admin','2024-09-17','admin','2024-09-17',1),(340,183,'admin','2024-09-17','admin','2024-09-17',1),(341,183,'admin','2024-09-17','admin','2024-09-17',1),(342,184,'admin','2024-09-17','admin','2024-09-17',1),(343,184,'admin','2024-09-17','admin','2024-09-17',1),(344,185,'admin','2024-09-17','admin','2024-09-17',1),(345,185,'admin','2024-09-17','admin','2024-09-17',1),(346,186,'admin','2024-09-17','admin','2024-09-17',1),(347,186,'admin','2024-09-17','admin','2024-09-17',1),(348,187,'admin','2024-09-17','admin','2024-09-17',1),(349,187,'admin','2024-09-17','admin','2024-09-17',1),(350,188,'admin','2024-09-17','admin','2024-09-17',1),(351,188,'admin','2024-09-17','admin','2024-09-17',1),(352,189,'admin','2024-09-17','admin','2024-09-17',1),(353,189,'admin','2024-09-17','admin','2024-09-17',1),(354,190,'admin','2024-09-17','admin','2024-09-17',1),(355,190,'admin','2024-09-17','admin','2024-09-17',1),(356,191,'admin','2024-09-17','admin','2024-09-17',1),(357,191,'admin','2024-09-17','admin','2024-09-17',1),(358,192,'admin','2024-09-17','admin','2024-09-17',1),(359,192,'admin','2024-09-17','admin','2024-09-17',1),(360,192,'admin','2024-09-17','admin','2024-09-17',1),(361,193,'admin','2024-09-17','admin','2024-09-17',1),(362,193,'admin','2024-09-17','admin','2024-09-17',1),(363,194,'admin','2024-09-17','admin','2024-09-17',1),(364,194,'admin','2024-09-17','admin','2024-09-17',1);
/*!40000 ALTER TABLE `tags` ENABLE KEYS */;
UNLOCK TABLES;

--
-- Table structure for table `users`
--

DROP TABLE IF EXISTS `users`;
/*!40101 SET @saved_cs_client     = @@character_set_client */;
/*!50503 SET character_set_client = utf8mb4 */;
CREATE TABLE `users` (
  `user_id` int NOT NULL AUTO_INCREMENT,
  `user_name` varchar(100) DEFAULT NULL,
  `user_email` varchar(50) DEFAULT NULL,
  `user_password` varchar(100) DEFAULT NULL,
  `user_image` varchar(500) DEFAULT NULL,
  `contact_number` varchar(11) DEFAULT NULL,
  `created_by` varchar(200) DEFAULT NULL,
  `creation_date` timestamp NULL DEFAULT NULL,
  `last_updated_by` varchar(100) DEFAULT NULL,
  `last_update_date` timestamp NULL DEFAULT NULL,
  `change_number` decimal(10,0) DEFAULT NULL,
  PRIMARY KEY (`user_id`)
) ENGINE=InnoDB AUTO_INCREMENT=17 DEFAULT CHARSET=utf8mb4 COLLATE=utf8mb4_0900_ai_ci;
/*!40101 SET character_set_client = @saved_cs_client */;

--
-- Dumping data for table `users`
--

LOCK TABLES `users` WRITE;
/*!40000 ALTER TABLE `users` DISABLE KEYS */;
INSERT INTO `users` VALUES (2,'ruku','abcd1@gmail.com','$2b$10$QfqocPRsHYruOwIyDhgpYOjFoaEVP35Wm7Oh3f/cYyLSSzoeEy2tm',NULL,NULL,NULL,NULL,NULL,NULL,NULL),(6,'sagar','abcd@email.com','$2b$10$Pc5.5g382k8rhIGRNFwc8.5guN4rU9aZKTgzvN2dEYOzNnc1f9L6a',NULL,NULL,NULL,NULL,NULL,NULL,NULL),(7,'Sagar','anc@ssk,com','$2b$10$rd.ZvVsupBHGhe6L4/AzleIVoE6w4k5Cf4KuKxpd6YKfiOEoDmogC',NULL,NULL,NULL,NULL,NULL,NULL,NULL),(8,'Sagar','sagar@gmail.com','$2b$10$8JANV..CsxAN7IjR9kiPGOVOAJlQZlYpFxprojRq/1C21l44My.Zi',NULL,NULL,NULL,NULL,NULL,NULL,NULL),(9,'raian','1234@gmail.com','$2b$10$yl5QhOCIq1h8MtNycrgx2OQLNjuy8U/YM/SITM.eiIhG/fcf0vcHG',NULL,NULL,NULL,NULL,NULL,NULL,NULL),(16,'s1','12345@gmail.com','$2b$10$4D6oL.oV5n7bdhOxdNO1Sux6HFX1IMVyDXfO0MwkDJu6KA.m1egQ.',NULL,NULL,NULL,NULL,NULL,NULL,NULL);
/*!40000 ALTER TABLE `users` ENABLE KEYS */;
UNLOCK TABLES;

--
-- Table structure for table `wishlist`
--

DROP TABLE IF EXISTS `wishlist`;
/*!40101 SET @saved_cs_client     = @@character_set_client */;
/*!50503 SET character_set_client = utf8mb4 */;
CREATE TABLE `wishlist` (
  `wishlist_id` int NOT NULL AUTO_INCREMENT,
  `user_id` int DEFAULT NULL,
  `product_id` int DEFAULT NULL,
  `added_on` date DEFAULT NULL,
  `created_by` varchar(200) DEFAULT NULL,
  `creation_date` date DEFAULT NULL,
  `last_updated_by` varchar(100) DEFAULT NULL,
  `last_update_date` date DEFAULT NULL,
  `change_number` decimal(10,0) DEFAULT NULL,
  PRIMARY KEY (`wishlist_id`),
  KEY `fk_wishlist_products` (`product_id`),
  KEY `fk_wishlist_users` (`user_id`),
  CONSTRAINT `fk_wishlist_products` FOREIGN KEY (`product_id`) REFERENCES `products` (`product_id`),
  CONSTRAINT `fk_wishlist_users` FOREIGN KEY (`user_id`) REFERENCES `users` (`user_id`)
) ENGINE=InnoDB AUTO_INCREMENT=25 DEFAULT CHARSET=utf8mb4 COLLATE=utf8mb4_0900_ai_ci;
/*!40101 SET character_set_client = @saved_cs_client */;

--
-- Dumping data for table `wishlist`
--

LOCK TABLES `wishlist` WRITE;
/*!40000 ALTER TABLE `wishlist` DISABLE KEYS */;
INSERT INTO `wishlist` VALUES (1,16,6,NULL,NULL,NULL,NULL,NULL,NULL),(4,16,13,NULL,NULL,NULL,NULL,NULL,NULL),(20,16,31,NULL,NULL,NULL,NULL,NULL,NULL),(22,9,69,NULL,NULL,NULL,NULL,NULL,NULL);
/*!40000 ALTER TABLE `wishlist` ENABLE KEYS */;
UNLOCK TABLES;
/*!40103 SET TIME_ZONE=@OLD_TIME_ZONE */;

/*!40101 SET SQL_MODE=@OLD_SQL_MODE */;
/*!40014 SET FOREIGN_KEY_CHECKS=@OLD_FOREIGN_KEY_CHECKS */;
/*!40014 SET UNIQUE_CHECKS=@OLD_UNIQUE_CHECKS */;
/*!40101 SET CHARACTER_SET_CLIENT=@OLD_CHARACTER_SET_CLIENT */;
/*!40101 SET CHARACTER_SET_RESULTS=@OLD_CHARACTER_SET_RESULTS */;
/*!40101 SET COLLATION_CONNECTION=@OLD_COLLATION_CONNECTION */;
/*!40111 SET SQL_NOTES=@OLD_SQL_NOTES */;

-- Dump completed on 2024-11-11 13:18:25
